City,State,Total Hospital Beds,Total ICU Beds,Available Hospital Beds,Potentially Available Hospital Beds*,Available ICU Beds,Potentially Available ICU Beds*,Adult Population,Population 65+,Projected Infected Individuals,Projected Hospitalized Individuals,Projected Individuals Needing ICU Care,"Hospital Beds Needed, Six Months","Percentage of Available Beds Needed, Six Months","Percentage of Potentially Available Beds Needed, Six Months","Percentage of Total Beds Needed, Six Months","Hospital Beds Needed, Twelve Months","Percentage of Available Beds Needed, Twelve Months","Percentage of Potentially Available Beds Needed, Twelve Months","Percentage of Total Beds Needed, Twelve Months","Hospital Beds Needed, Eighteen Months","Percentage of Available Beds Needed, Eighteen Months","Percentage of Potentially Available Beds Needed, Eighteen Months","Percentage of Total Beds Needed, Eighteen Months","ICU Beds Needed, Six Months","Percentage of Available ICU Beds Needed, Six Months","Percentage of Potentially Available ICU Beds Needed, Six Months","Percentage of Total ICU Beds Needed, Six Months","ICU Beds Needed, Twelve Months","Percentage of Available ICU Beds Needed, Twelve Months","Percentage of Potentially Available ICU Beds Needed, Twelve Months","Percentage of Total ICU Beds Needed, Twelve Months","ICU Beds Needed, Eighteen Months","Percentage of Available ICU Beds Needed, Eighteen Months","Percentage of Potentially Available ICU Beds Needed, Eighteen Months","Percentage of Total ICU Beds Needed, Eighteen Months"
Akron,OH,"1,358",186,518,938,94,140,"547,990","111,042","219,196","45,867","9,917","3,058",5.9,3.26,2.25,1529,2.95,1.63,1.13,997,1.92,1.06,0.73,661,7.03,4.72,3.55,331,3.52,2.36,1.78,216,2.3,1.54,1.16
Alameda County,CA,"2,695",293,665,"1,680",139,216,"1,310,189","214,991","524,076","107,744","22,800","7,183",10.8,4.28,2.67,3591,5.4,2.14,1.33,2342,3.52,1.39,0.87,1520,10.94,7.04,5.19,760,5.47,3.52,2.59,496,3.57,2.3,1.69
Albany,GA,704,60,221,462,27,43,"157,143","30,466","62,857","13,101","2,819",873,3.95,1.89,1.24,437,1.98,0.95,0.62,285,1.29,0.62,0.4,188,6.96,4.37,3.13,94,3.48,2.19,1.57,61,2.26,1.42,1.02
Albany,NY,"4,804",425,"1,579","3,191",193,309,"1,477,723","318,695","591,089","124,417","27,091","8,294",5.25,2.6,1.73,4147,2.63,1.3,0.86,2705,1.71,0.85,0.56,1806,9.36,5.84,4.25,903,4.68,2.92,2.12,589,3.05,1.91,1.39
Albuquerque,NM,"2,908",380,"1,102","2,005",161,270,"1,336,795","279,457","534,718","112,216","24,348","7,481",6.79,3.73,2.57,3741,3.39,1.87,1.29,2439,2.21,1.22,0.84,1623,10.08,6.01,4.27,812,5.04,3.01,2.14,529,3.29,1.96,1.39
Alexandria,LA,917,43,402,660,20,31,"221,597","44,519","88,639","18,533","4,003","1,236",3.07,1.87,1.35,618,1.54,0.94,0.67,403,1,0.61,0.44,267,13.35,8.61,6.21,133,6.65,4.29,3.09,87,4.35,2.81,2.02
Allentown,PA,"3,267",334,"1,267","2,267",143,238,"960,572","207,376","384,229","80,884","17,614","5,392",4.26,2.38,1.65,2696,2.13,1.19,0.83,1758,1.39,0.78,0.54,1174,8.21,4.93,3.51,587,4.1,2.47,1.76,383,2.68,1.61,1.15
Altoona,PA,555,61,234,394,27,44,"234,560","56,483","93,824","19,973","4,407","1,332",5.69,3.38,2.4,666,2.85,1.69,1.2,434,1.85,1.1,0.78,294,10.89,6.68,4.82,147,5.44,3.34,2.41,96,3.56,2.18,1.57
Amarillo,TX,"1,236",194,678,957,79,137,"332,671","61,267","133,068","27,611","5,910","1,841",2.72,1.92,1.49,920,1.36,0.96,0.74,600,0.88,0.63,0.49,394,4.99,2.88,2.03,197,2.49,1.44,1.02,128,1.62,0.93,0.66
Anchorage,AK,"1,583",130,533,"1,058",55,93,"551,912","74,327","220,765","44,770","9,311","2,985",5.6,2.82,1.89,1492,2.8,1.41,0.94,973,1.83,0.92,0.61,621,11.29,6.68,4.78,310,5.64,3.33,2.38,202,3.67,2.17,1.55
Ann Arbor,MI,"3,014",406,876,"1,945",122,264,"1,115,589","209,105","446,236","92,731","19,883","6,182",7.06,3.18,2.05,3091,3.53,1.59,1.03,2016,2.3,1.04,0.67,1326,10.87,5.02,3.27,663,5.43,2.51,1.63,432,3.54,1.64,1.06
Appleton,WI,448,72,222,335,37,54,"254,546","52,373","101,818","21,336","4,621","1,422",6.41,4.24,3.17,711,3.2,2.12,1.59,464,2.09,1.39,1.04,308,8.32,5.7,4.28,154,4.16,2.85,2.14,100,2.7,1.85,1.39
Arlington,VA,"3,116",450,995,"2,055",173,312,"1,909,537","270,129","763,815","155,390","32,450","10,359",10.41,5.04,3.32,5180,5.21,2.52,1.66,3378,3.39,1.64,1.08,2163,12.5,6.93,4.81,1082,6.25,3.47,2.4,705,4.08,2.26,1.57
Asheville,NC,"1,541",232,556,"1,048",76,154,"553,131","146,572","221,252","47,608","10,633","3,174",5.71,3.03,2.06,1587,2.85,1.51,1.03,1035,1.86,0.99,0.67,709,9.33,4.6,3.06,354,4.66,2.3,1.53,231,3.04,1.5,1
Atlanta,GA,"12,780","1,621","3,338","8,059",436,"1,029","5,027,281","799,338","2,010,912","412,448","87,022","27,497",8.24,3.41,2.15,13748,4.12,1.71,1.08,8966,2.69,1.11,0.7,5801,13.31,5.64,3.58,2901,6.65,2.82,1.79,1892,4.34,1.84,1.17
Augusta,GA,"2,194",349,831,"1,512",106,227,"540,242","105,665","216,097","45,074","9,708","3,005",3.62,1.99,1.37,1502,1.81,0.99,0.68,980,1.18,0.65,0.45,647,6.1,2.85,1.85,324,3.06,1.43,0.93,211,1.99,0.93,0.6
Aurora,IL,527,55,286,406,25,40,"245,644","34,035","98,258","19,962","4,161","1,331",4.65,3.28,2.53,665,2.33,1.64,1.26,434,1.52,1.07,0.82,277,11.08,6.93,5.04,139,5.56,3.48,2.53,90,3.6,2.25,1.64
Austin,TX,"2,775",393,"1,003","1,889",161,277,"1,523,446","208,426","609,378","123,702","25,761","8,247",8.22,4.37,2.97,4123,4.11,2.18,1.49,2689,2.68,1.42,0.97,1717,10.66,6.2,4.37,859,5.34,3.1,2.19,560,3.48,2.02,1.42
Bakersfield,CA,"2,429",191,692,"1,561",88,140,"847,115","123,309","338,846","69,066","14,458","4,604",6.65,2.95,1.9,2302,3.33,1.47,0.95,1501,2.17,0.96,0.62,964,10.95,6.89,5.05,482,5.48,3.44,2.52,314,3.57,2.24,1.64
Baltimore,MD,"6,931",844,"1,887","4,409",303,574,"2,015,003","379,769","806,001","167,571","35,951","11,171",5.92,2.53,1.61,5586,2.96,1.27,0.81,3643,1.93,0.83,0.53,2397,7.91,4.18,2.84,1198,3.95,2.09,1.42,782,2.58,1.36,0.93
Bangor,ME,"1,094",100,400,747,28,64,"318,554","77,904","127,422","27,171","6,006","1,811",4.53,2.42,1.66,906,2.27,1.21,0.83,591,1.48,0.79,0.54,400,14.29,6.25,4,200,7.14,3.13,2,131,4.68,2.05,1.31
Baton Rouge,LA,"2,898",249,"1,159","2,028",119,184,"746,856","127,072","298,742","61,590","13,078","4,106",3.54,2.02,1.42,2053,1.77,1.01,0.71,1339,1.16,0.66,0.46,872,7.33,4.74,3.5,436,3.66,2.37,1.75,284,2.39,1.54,1.14
Beaumont,TX,908,114,421,665,43,79,"356,372","70,621","142,549","29,768","6,421","1,985",4.71,2.98,2.19,992,2.36,1.49,1.09,647,1.54,0.97,0.71,428,9.95,5.42,3.75,214,4.98,2.71,1.88,140,3.26,1.77,1.23
Bend,OR,415,38,182,298,17,27,"189,876","47,299","75,950","16,228","3,596","1,082",5.95,3.63,2.61,541,2.97,1.82,1.3,353,1.94,1.18,0.85,240,14.12,8.89,6.32,120,7.06,4.44,3.16,78,4.59,2.89,2.05
Billings,MT,"2,432",148,931,"1,681",65,106,"476,520","97,688","190,608","39,928","8,644","2,662",2.86,1.58,1.09,1331,1.43,0.79,0.55,868,0.93,0.52,0.36,576,8.86,5.43,3.89,288,4.43,2.72,1.95,188,2.89,1.77,1.27
Binghamton,NY,"1,005",54,365,685,17,35,"286,154","67,043","114,462","24,295","5,342","1,620",4.44,2.36,1.61,810,2.22,1.18,0.81,528,1.45,0.77,0.53,356,20.94,10.17,6.59,178,10.47,5.09,3.3,116,6.82,3.31,2.15
Birmingham,AL,"7,297",991,"2,756","5,027",342,666,"1,774,690","364,610","709,876","148,732","32,208","9,915",3.6,1.97,1.36,4958,1.8,0.99,0.68,3233,1.17,0.64,0.44,2147,6.28,3.22,2.17,1074,3.14,1.61,1.08,700,2.05,1.05,0.71
Bismarck,ND,970,80,422,696,43,62,"182,581","38,811","73,032","15,351","3,337","1,023",2.42,1.47,1.05,512,1.21,0.74,0.53,334,0.79,0.48,0.34,222,5.16,3.58,2.78,111,2.58,1.79,1.39,73,1.7,1.18,0.91
Bloomington,IL,394,35,201,298,10,23,"160,796","25,937","64,318","13,206","2,790",880,4.38,2.95,2.23,440,2.19,1.48,1.12,287,1.43,0.96,0.73,186,18.6,8.09,5.31,93,9.3,4.04,2.66,61,6.1,2.65,1.74
Blue Island,IL,"2,053",308,583,"1,318",118,213,"670,968","134,483","268,387","56,104","12,116","3,740",6.42,2.84,1.82,1870,3.21,1.42,0.91,1220,2.09,0.93,0.59,808,6.85,3.79,2.62,404,3.42,1.9,1.31,263,2.23,1.23,0.85
Boise,ID,"1,773",186,848,"1,310",95,141,"701,166","134,953","280,466","58,417","12,561","3,894",4.59,2.97,2.2,1947,2.3,1.49,1.1,1270,1.5,0.97,0.72,837,8.81,5.94,4.5,419,4.41,2.97,2.25,273,2.87,1.94,1.47
Boston,MA,"10,239","1,157","2,548","6,393",438,798,"4,022,208","782,014","1,608,883","335,404","72,196","22,360",8.78,3.5,2.18,11180,4.39,1.75,1.09,7291,2.86,1.14,0.71,4813,10.99,6.03,4.16,2407,5.5,3.02,2.08,1569,3.58,1.97,1.36
Boulder,CO,640,90,297,468,43,67,"267,487","42,093","106,995","21,929","4,622","1,462",4.92,3.12,2.28,731,2.46,1.56,1.14,477,1.61,1.02,0.75,308,7.16,4.6,3.42,154,3.58,2.3,1.71,100,2.33,1.49,1.11
Bradenton,FL,822,104,342,582,49,76,"266,378","82,842","106,551","23,393","5,342","1,560",4.56,2.68,1.9,780,2.28,1.34,0.95,509,1.49,0.87,0.62,356,7.27,4.68,3.42,178,3.63,2.34,1.71,116,2.37,1.53,1.12
Bridgeport,CT,"1,354",132,370,862,65,99,"539,133","102,171","215,653","44,857","9,629","2,990",8.08,3.47,2.21,1495,4.04,1.73,1.1,975,2.64,1.13,0.72,642,9.88,6.48,4.86,321,4.94,3.24,2.43,209,3.22,2.11,1.58
Bronx,NY,"4,012",282,807,"2,410",115,199,"1,094,741","170,439","437,896","89,677","18,884","5,978",7.41,2.48,1.49,2989,3.7,1.24,0.75,1950,2.42,0.81,0.49,1259,10.95,6.33,4.46,629,5.47,3.16,2.23,411,3.57,2.07,1.46
Bryan,TX,579,64,317,448,34,49,"230,741","32,271","92,296","18,763","3,914","1,251",3.95,2.79,2.16,625,1.97,1.4,1.08,408,1.29,0.91,0.7,261,7.68,5.33,4.08,130,3.82,2.65,2.03,85,2.5,1.73,1.33
Buffalo,NY,"4,713",323,"1,228","2,971",95,209,"1,090,373","234,541","436,149","91,781","19,978","6,119",4.98,2.06,1.3,3059,2.49,1.03,0.65,1995,1.62,0.67,0.42,1332,14.02,6.37,4.12,666,7.01,3.19,2.06,434,4.57,2.08,1.34
Burlington,VT,"1,743",117,587,"1,165",65,91,"522,720","104,104","209,088","43,683","9,427","2,912",4.96,2.5,1.67,1456,2.48,1.25,0.84,950,1.62,0.82,0.55,628,9.66,6.9,5.37,314,4.83,3.45,2.68,205,3.15,2.25,1.75
Camden,NJ,"6,527",701,"2,294","4,410",293,497,"2,208,721","489,214","883,488","186,453","40,724","12,430",5.42,2.82,1.9,6215,2.71,1.41,0.95,4053,1.77,0.92,0.62,2715,9.27,5.46,3.87,1357,4.63,2.73,1.94,885,3.02,1.78,1.26
Canton,OH,"1,441",209,706,"1,073",97,153,"495,349","113,936","198,140","41,976","9,209","2,798",3.96,2.61,1.94,1399,1.98,1.3,0.97,913,1.29,0.85,0.63,614,6.33,4.01,2.94,307,3.16,2.01,1.47,200,2.06,1.31,0.96
Cape Girardeau,MO,859,80,398,629,43,62,"202,898","45,230","81,159","17,139","3,746","1,143",2.87,1.82,1.33,571,1.43,0.91,0.66,373,0.94,0.59,0.43,250,5.81,4.03,3.13,125,2.91,2.02,1.56,81,1.88,1.31,1.01
Casper,WY,633,32,378,505,20,26,"152,884","31,930","61,154","12,833","2,784",856,2.26,1.7,1.35,428,1.13,0.85,0.68,279,0.74,0.55,0.44,186,9.3,7.15,5.81,93,4.65,3.58,2.91,61,3.05,2.35,1.91
Cedar Rapids,IA,799,44,364,581,22,33,"234,872","48,228","93,949","19,683","4,262","1,312",3.6,2.26,1.64,656,1.8,1.13,0.82,428,1.18,0.74,0.54,284,12.91,8.61,6.45,142,6.45,4.3,3.23,93,4.23,2.82,2.11
Charleston,SC,"3,013",329,975,"1,994",101,215,"914,407","196,315","365,763","76,955","16,748","5,130",5.26,2.57,1.7,2565,2.63,1.29,0.85,1673,1.72,0.84,0.56,1117,11.06,5.2,3.4,558,5.52,2.6,1.7,364,3.6,1.69,1.11
Charleston,WV,"2,620",284,"1,167","1,894",97,190,"650,209","155,752","260,084","55,335","12,200","3,689",3.16,1.95,1.41,1844,1.58,0.97,0.7,1203,1.03,0.64,0.46,813,8.38,4.28,2.86,407,4.2,2.14,1.43,265,2.73,1.39,0.93
Charlotte,NC,"4,873",770,"1,465","3,169",249,510,"2,024,238","353,589","809,695","167,278","35,612","11,152",7.61,3.52,2.29,5576,3.81,1.76,1.14,3636,2.48,1.15,0.75,2374,9.53,4.65,3.08,1187,4.77,2.33,1.54,774,3.11,1.52,1.01
Charlottesville,VA,"1,326",155,433,879,35,95,"477,802","100,652","191,121","40,138","8,716","2,676",6.18,3.04,2.02,1338,3.09,1.52,1.01,873,2.02,0.99,0.66,581,16.6,6.12,3.75,291,8.31,3.06,1.88,189,5.4,1.99,1.22
Chattanooga,TN,"1,928",247,651,"1,290",59,153,"567,490","121,347","226,996","47,740","10,385","3,183",4.89,2.47,1.65,1591,2.44,1.23,0.83,1038,1.59,0.8,0.54,692,11.73,4.52,2.8,346,5.86,2.26,1.4,226,3.83,1.48,0.91
Chicago,IL,"7,764",912,"3,161","5,462",312,612,"2,045,072","306,266","818,029","167,064","35,059","11,138",3.52,2.04,1.43,5569,1.76,1.02,0.72,3632,1.15,0.66,0.47,2337,7.49,3.82,2.56,1169,3.75,1.91,1.28,762,2.44,1.25,0.84
Chico,CA,537,51,153,345,23,37,"239,882","53,947","95,953","20,281","4,438","1,352",8.84,3.92,2.52,676,4.42,1.96,1.26,441,2.88,1.28,0.82,296,12.87,8,5.8,148,6.43,4,2.9,96,4.17,2.59,1.88
Cincinnati,OH,"3,808",567,"1,537","2,673",185,376,"1,293,436","245,509","517,374","107,630","23,109","7,175",4.67,2.68,1.88,3588,2.33,1.34,0.94,2340,1.52,0.88,0.61,1541,8.33,4.1,2.72,770,4.16,2.05,1.36,502,2.71,1.34,0.89
Clearwater,FL,"1,571",160,719,"1,145",44,102,"434,821","131,578","173,928","38,046","8,654","2,536",3.53,2.21,1.61,1268,1.76,1.11,0.81,827,1.15,0.72,0.53,577,13.11,5.66,3.61,288,6.55,2.82,1.8,188,4.27,1.84,1.18
Cleveland,OH,"7,233",885,"2,631","4,932",306,595,"1,602,896","353,619","641,158","135,258","29,529","9,017",3.43,1.83,1.25,4509,1.71,0.91,0.62,2940,1.12,0.6,0.41,1969,6.43,3.31,2.22,984,3.22,1.65,1.11,642,2.1,1.08,0.73
Colorado Springs,CO,"1,295",149,555,925,62,106,"673,350","119,939","269,340","55,732","11,888","3,715",6.69,4.02,2.87,1858,3.35,2.01,1.43,1212,2.18,1.31,0.94,793,12.79,7.48,5.32,396,6.39,3.74,2.66,258,4.16,2.43,1.73
Columbia,MO,"1,883",199,901,"1,392",77,138,"557,924","115,795","223,170","46,803","10,147","3,120",3.46,2.24,1.66,1560,1.73,1.12,0.83,1017,1.13,0.73,0.54,676,8.78,4.9,3.4,338,4.39,2.45,1.7,221,2.87,1.6,1.11
Columbia,SC,"3,026",398,"1,053","2,040",151,275,"975,665","189,632","390,266","81,357","17,511","5,424",5.15,2.66,1.79,2712,2.58,1.33,0.9,1769,1.68,0.87,0.58,1167,7.73,4.24,2.93,584,3.87,2.12,1.47,381,2.52,1.39,0.96
Columbus,GA,"1,105",75,547,826,33,54,"280,815","48,222","112,326","23,174","4,925","1,545",2.82,1.87,1.4,772,1.41,0.93,0.7,504,0.92,0.61,0.46,328,9.94,6.07,4.37,164,4.97,3.04,2.19,107,3.24,1.98,1.43
Columbus,OH,"6,449",679,"2,792","4,620",235,457,"2,405,737","441,233","962,295","199,603","42,703","13,307",4.77,2.88,2.06,6653,2.38,1.44,1.03,4339,1.55,0.94,0.67,2847,12.11,6.23,4.19,1423,6.06,3.11,2.1,928,3.95,2.03,1.37
Contra Costa County,CA,"1,727",203,675,"1,201",81,142,"844,608","159,096","337,843","70,236","15,068","4,682",6.94,3.9,2.71,2341,3.47,1.95,1.36,1527,2.26,1.27,0.88,1005,12.41,7.08,4.95,502,6.2,3.54,2.47,328,4.05,2.31,1.62
Corpus Christi,TX,"1,135",167,357,746,38,102,"439,951","83,055","175,980","36,592","7,852","2,439",6.83,3.27,2.15,1220,3.42,1.64,1.07,795,2.23,1.07,0.7,523,13.76,5.13,3.13,262,6.89,2.57,1.57,171,4.5,1.68,1.02
Covington,KY,828,93,280,554,39,66,"327,040","57,022","130,816","27,022","5,752","1,801",6.43,3.25,2.18,901,3.22,1.63,1.09,587,2.1,1.06,0.71,383,9.82,5.8,4.12,192,4.92,2.91,2.06,125,3.21,1.89,1.34
Dallas,TX,"10,585","1,292","3,679","7,132",450,871,"3,918,830","583,050","1,567,532","319,987","67,112","21,332",5.8,2.99,2.02,10666,2.9,1.5,1.01,6956,1.89,0.98,0.66,4474,9.94,5.14,3.46,2237,4.97,2.57,1.73,1459,3.24,1.68,1.13
Danville,PA,"1,664",171,510,"1,087",33,102,"481,423","99,782","192,569","40,380","8,753","2,692",5.28,2.48,1.62,1346,2.64,1.24,0.81,878,1.72,0.81,0.53,584,17.7,5.73,3.42,292,8.85,2.86,1.71,190,5.76,1.86,1.11
Davenport,IA,"1,614",139,699,"1,157",66,102,"379,562","86,153","151,825","32,121","7,036","2,141",3.06,1.85,1.33,1071,1.53,0.93,0.66,698,1,0.6,0.43,469,7.11,4.6,3.37,235,3.56,2.3,1.69,153,2.32,1.5,1.1
Dayton,OH,"2,070",294,749,"1,410",89,192,"825,712","177,147","330,285","69,486","15,121","4,632",6.18,3.29,2.24,2316,3.09,1.64,1.12,1511,2.02,1.07,0.73,1008,11.33,5.25,3.43,504,5.66,2.63,1.71,329,3.7,1.71,1.12
Dearborn,MI,"1,439",188,462,951,95,142,"382,586","75,636","153,034","31,951","6,890","2,130",4.61,2.24,1.48,1065,2.31,1.12,0.74,695,1.5,0.73,0.48,459,4.83,3.23,2.44,230,2.42,1.62,1.22,150,1.58,1.06,0.8
Denver,CO,"5,593",843,"2,269","3,931",325,584,"2,380,353","379,848","952,141","195,341","41,229","13,023",5.74,3.31,2.33,6511,2.87,1.66,1.16,4247,1.87,1.08,0.76,2749,8.46,4.71,3.26,1374,4.23,2.35,1.63,896,2.76,1.53,1.06
Des Moines,IA,"2,760",173,"1,193","1,977",76,125,"869,785","168,710","347,914","72,515","15,605","4,834",4.05,2.45,1.75,2417,2.03,1.22,0.88,1576,1.32,0.8,0.57,1040,13.68,8.32,6.01,520,6.84,4.16,3.01,339,4.46,2.71,1.96
Detroit,MI,"4,123",509,"1,333","2,728",163,336,"1,315,527","254,755","526,211","109,661","23,595","7,311",5.48,2.68,1.77,3655,2.74,1.34,0.89,2384,1.79,0.87,0.58,1573,9.65,4.68,3.09,786,4.82,2.34,1.54,513,3.15,1.53,1.01
Dothan,AL,"1,335",108,504,919,33,71,"290,096","65,608","116,038","24,540","5,373","1,636",3.25,1.78,1.23,818,1.62,0.89,0.61,533,1.06,0.58,0.4,358,10.85,5.04,3.31,179,5.42,2.52,1.66,117,3.55,1.65,1.08
Dubuque,IA,518,18,228,373,8,13,"125,779","28,314","50,312","10,635","2,327",709,3.11,1.9,1.37,354,1.55,0.95,0.68,231,1.01,0.62,0.45,155,19.38,11.92,8.61,78,9.75,6,4.33,51,6.38,3.92,2.83
Duluth,MN,"1,319",217,508,914,73,145,"274,471","63,578","109,788","23,276","5,111","1,552",3.06,1.7,1.18,776,1.53,0.85,0.59,506,1,0.55,0.38,341,4.67,2.35,1.57,170,2.33,1.17,0.78,111,1.52,0.77,0.51
Durham,NC,"4,505",790,"1,125","2,815",241,516,"1,097,252","224,839","438,901","91,935","19,903","6,129",5.45,2.18,1.36,3064,2.72,1.09,0.68,1999,1.78,0.71,0.44,1327,5.51,2.57,1.68,663,2.75,1.28,0.84,433,1.8,0.84,0.55
East Long Island,NY,"9,897",928,"1,230","5,564",235,582,"3,811,249","751,403","1,524,500","318,208","68,597","21,214",17.25,3.81,2.14,10607,8.62,1.91,1.07,6918,5.62,1.24,0.7,4573,19.46,7.86,4.93,2287,9.73,3.93,2.46,1491,6.34,2.56,1.61
El Paso,TX,"2,086",274,753,"1,420",51,162,"839,182","146,112","335,673","69,330","14,755","4,622",6.14,3.25,2.22,2311,3.07,1.63,1.11,1507,2,1.06,0.72,984,19.29,6.07,3.59,492,9.65,3.04,1.8,321,6.29,1.98,1.17
Elgin,IL,"1,239",142,475,857,67,104,"610,597","100,811","244,239","50,236","10,637","3,349",7.05,3.91,2.7,1675,3.53,1.95,1.35,1092,2.3,1.27,0.88,709,10.58,6.82,4.99,355,5.3,3.41,2.5,231,3.45,2.22,1.63
Elmira,NY,"1,036",94,361,699,14,54,"255,069","58,415","102,028","21,605","4,738","1,440",3.99,2.06,1.39,720,1.99,1.03,0.69,470,1.3,0.67,0.45,316,22.57,5.85,3.36,158,11.29,2.93,1.68,103,7.36,1.91,1.1
Elyria,OH,453,63,214,333,21,42,"200,261","44,042","80,104","16,893","3,687","1,126",5.26,3.38,2.49,563,2.63,1.69,1.24,367,1.71,1.1,0.81,246,11.71,5.86,3.9,123,5.86,2.93,1.95,80,3.81,1.9,1.27
Erie,PA,"1,904",184,706,"1,305",88,136,"561,138","130,069","224,455","47,589","10,451","3,173",4.49,2.43,1.67,1586,2.25,1.22,0.83,1035,1.47,0.79,0.54,697,7.92,5.13,3.79,348,3.95,2.56,1.89,227,2.58,1.67,1.23
Eugene,OR,"1,208",138,416,812,64,101,"603,572","141,016","241,429","51,230","11,261","3,415",8.21,4.21,2.83,1708,4.11,2.1,1.41,1114,2.68,1.37,0.92,751,11.73,7.44,5.44,375,5.86,3.71,2.72,245,3.83,2.43,1.78
Evanston,IL,"2,032",332,666,"1,349",137,234,"711,961","162,705","284,784","60,292","13,218","4,019",6.03,2.98,1.98,2010,3.02,1.49,0.99,1311,1.97,0.97,0.65,881,6.43,3.76,2.65,441,3.22,1.88,1.33,287,2.09,1.23,0.86
Evansville,IN,"2,154",328,"1,050","1,602",157,243,"528,945","115,347","211,578","44,583","9,720","2,972",2.83,1.86,1.38,1486,1.42,0.93,0.69,969,0.92,0.6,0.45,648,4.13,2.67,1.98,324,2.06,1.33,0.99,211,1.34,0.87,0.64
Everett,WA,951,83,319,635,26,55,"542,404","104,811","216,962","45,206","9,724","3,014",9.45,4.75,3.17,1507,4.72,2.37,1.58,983,3.08,1.55,1.03,648,24.92,11.78,7.81,324,12.46,5.89,3.9,211,8.12,3.84,2.54
Fargo/Moorhead MN,ND,"1,872",180,734,"1,303",48,114,"432,080","90,275","172,832","36,269","7,869","2,418",3.29,1.86,1.29,1209,1.65,0.93,0.65,788,1.07,0.6,0.42,525,10.94,4.61,2.92,262,5.46,2.3,1.46,171,3.56,1.5,0.95
Flint,MI,"1,375",161,458,916,58,109,"426,480","89,340","170,592","35,807","7,771","2,387",5.21,2.61,1.74,1194,2.61,1.3,0.87,778,1.7,0.85,0.57,518,8.93,4.75,3.22,259,4.47,2.38,1.61,169,2.91,1.55,1.05
Florence,SC,"1,248",224,481,865,79,151,"287,862","62,812","115,145","24,264","5,290","1,618",3.36,1.87,1.3,809,1.68,0.94,0.65,527,1.1,0.61,0.42,353,4.47,2.34,1.58,176,2.23,1.17,0.79,115,1.46,0.76,0.51
Fort Collins,CO,704,31,341,523,14,22,"287,995","47,223","115,198","23,682","5,011","1,579",4.63,3.02,2.24,789,2.31,1.51,1.12,515,1.51,0.98,0.73,334,23.86,15.18,10.77,167,11.93,7.59,5.39,109,7.79,4.95,3.52
Fort Lauderdale,FL,"7,323",908,"2,753","5,038",292,600,"2,396,614","619,365","958,646","205,679","45,787","13,712",4.98,2.72,1.87,6856,2.49,1.36,0.94,4471,1.62,0.89,0.61,3052,10.45,5.09,3.36,1526,5.23,2.54,1.68,995,3.41,1.66,1.1
Fort Myers,FL,"3,115",268,"1,089","2,102",97,182,"1,079,022","373,713","431,609","96,207","22,327","6,414",5.89,3.05,2.06,3207,2.94,1.53,1.03,2091,1.92,0.99,0.67,1488,15.34,8.18,5.55,744,7.67,4.09,2.78,485,5,2.66,1.81
Fort Smith,AR,931,87,487,709,55,71,"281,971","62,427","112,788","23,802","5,198","1,587",3.26,2.24,1.7,793,1.63,1.12,0.85,517,1.06,0.73,0.56,347,6.31,4.89,3.99,173,3.15,2.44,1.99,113,2.05,1.59,1.3
Fort Wayne,IN,"2,442",376,"1,038","1,740",143,259,"651,379","132,442","260,552","54,538","11,797","3,636",3.5,2.09,1.49,1818,1.75,1.04,0.74,1186,1.14,0.68,0.49,786,5.5,3.03,2.09,393,2.75,1.52,1.05,256,1.79,0.99,0.68
Fort Worth,TX,"4,200",501,"1,400","2,800",187,344,"1,764,292","277,941","705,717","144,648","30,493","9,643",6.89,3.44,2.3,4822,3.44,1.72,1.15,3145,2.25,1.12,0.75,2033,10.87,5.91,4.06,1016,5.43,2.95,2.03,663,3.55,1.93,1.32
Fresno,CA,"1,935",205,547,"1,241",77,141,"918,145","146,620","367,258","75,351","15,905","5,023",9.18,4.05,2.6,2512,4.59,2.02,1.3,1638,2.99,1.32,0.85,1060,13.77,7.52,5.17,530,6.88,3.76,2.59,346,4.49,2.45,1.69
Gainesville,FL,"1,834",303,469,"1,152",88,195,"464,038","96,829","185,615","38,946","8,448","2,596",5.54,2.25,1.42,1298,2.77,1.13,0.71,847,1.81,0.74,0.46,563,6.4,2.89,1.86,282,3.2,1.45,0.93,184,2.09,0.94,0.61
Gary,IN,"1,434",179,638,"1,036",95,137,"392,167","80,990","156,867","32,882","7,125","2,192",3.44,2.12,1.53,1096,1.72,1.06,0.76,715,1.12,0.69,0.5,475,5,3.47,2.65,238,2.51,1.74,1.33,155,1.63,1.13,0.87
Grand Forks,ND,952,31,374,663,18,24,"130,084","25,793","52,034","10,867","2,344",724,1.94,1.09,0.76,362,0.97,0.55,0.38,236,0.63,0.36,0.25,156,8.67,6.5,5.03,78,4.33,3.25,2.52,51,2.83,2.13,1.65
Grand Junction,CO,696,75,321,509,33,54,"270,519","57,077","108,208","22,728","4,937","1,515",4.72,2.98,2.18,758,2.36,1.49,1.09,494,1.54,0.97,0.71,329,9.97,6.09,4.39,165,5,3.06,2.2,107,3.24,1.98,1.43
Grand Rapids,MI,"2,440",236,957,"1,699",86,161,"933,913","171,359","373,565","77,489","16,579","5,166",5.4,3.04,2.12,2583,2.7,1.52,1.06,1685,1.76,0.99,0.69,1105,12.85,6.86,4.68,553,6.43,3.43,2.34,360,4.19,2.24,1.53
Great Falls,MT,937,50,367,652,27,39,"114,922","25,583","45,969","9,706","2,121",647,1.76,0.99,0.69,324,0.88,0.5,0.35,211,0.57,0.32,0.23,141,5.22,3.62,2.82,71,2.63,1.82,1.42,46,1.7,1.18,0.92
Greeley,CO,792,79,396,594,28,54,"294,267","55,594","117,707","24,477","5,253","1,632",4.12,2.75,2.06,816,2.06,1.37,1.03,532,1.34,0.9,0.67,350,12.5,6.48,4.43,175,6.25,3.24,2.22,114,4.07,2.11,1.44
Green Bay,WI,990,112,498,744,43,77,"402,953","88,095","161,181","33,972","7,409","2,265",4.55,3.04,2.29,1132,2.27,1.52,1.14,739,1.48,0.99,0.75,494,11.49,6.42,4.41,247,5.74,3.21,2.21,161,3.74,2.09,1.44
Greensboro,NC,"1,224",135,362,793,47,91,"505,727","100,544","202,291","42,256","9,118","2,817",7.78,3.55,2.3,1409,3.89,1.78,1.15,919,2.54,1.16,0.75,608,12.94,6.68,4.5,304,6.47,3.34,2.25,198,4.21,2.18,1.47
Greenville,NC,"1,977",339,631,"1,304",115,227,"679,309","136,432","271,724","56,812","12,272","3,787",6,2.9,1.92,1894,3,1.45,0.96,1235,1.96,0.95,0.62,818,7.11,3.6,2.41,409,3.56,1.8,1.21,267,2.32,1.18,0.79
Greenville,SC,"2,217",282,798,"1,507",41,161,"743,619","153,533","297,448","62,349","13,509","4,157",5.21,2.76,1.88,2078,2.6,1.38,0.94,1355,1.7,0.9,0.61,901,21.98,5.6,3.2,450,10.98,2.8,1.6,294,7.17,1.83,1.04
Gulfport,MS,609,80,287,448,40,60,"159,671","28,559","63,868","13,220","2,821",881,3.07,1.97,1.45,441,1.54,0.98,0.72,287,1,0.64,0.47,188,4.7,3.13,2.35,94,2.35,1.57,1.18,61,1.53,1.02,0.76
Hackensack,NJ,"3,819",175,"1,057","2,438",98,137,"1,048,868","200,075","419,547","87,317","18,757","5,821",5.51,2.39,1.52,2911,2.75,1.19,0.76,1898,1.8,0.78,0.5,1250,12.76,9.12,7.14,625,6.38,4.56,3.57,408,4.16,2.98,2.33
Harlingen,TX,"1,145",120,536,840,44,82,"418,633","76,061","167,453","34,706","7,418","2,314",4.32,2.75,2.02,1157,2.16,1.38,1.01,754,1.41,0.9,0.66,495,11.25,6.04,4.13,247,5.61,3.01,2.06,161,3.66,1.96,1.34
Harrisburg,PA,"2,426",211,929,"1,677",61,136,"825,408","183,199","330,163","69,693","15,226","4,646",5,2.77,1.92,2323,2.5,1.39,0.96,1515,1.63,0.9,0.62,1015,16.64,7.46,4.81,508,8.33,3.74,2.41,331,5.43,2.43,1.57
Hartford,CT,"2,855",323,751,"1,803",115,219,"1,196,337","245,503","478,535","100,251","21,706","6,683",8.9,3.71,2.34,3342,4.45,1.85,1.17,2179,2.9,1.21,0.76,1447,12.58,6.61,4.48,724,6.3,3.31,2.24,472,4.1,2.16,1.46
Hattiesburg,MS,"1,546",85,504,"1,025",30,57,"240,419","46,076","96,168","20,023","4,303","1,335",2.65,1.3,0.86,667,1.32,0.65,0.43,435,0.86,0.42,0.28,287,9.57,5.04,3.38,143,4.77,2.51,1.68,94,3.13,1.65,1.11
Hickory,NC,603,64,253,428,25,45,"229,268","51,364","91,707","19,376","4,238","1,292",5.11,3.02,2.14,646,2.55,1.51,1.07,421,1.66,0.98,0.7,283,11.32,6.29,4.42,141,5.64,3.13,2.2,92,3.68,2.04,1.44
Hinsdale,IL,"1,041",172,402,721,89,130,"385,733","67,856","154,293","31,894","6,795","2,126",5.29,2.95,2.04,1063,2.64,1.47,1.02,693,1.72,0.96,0.67,453,5.09,3.48,2.63,226,2.54,1.74,1.31,148,1.66,1.14,0.86
Honolulu,HI,"2,623",219,795,"1,709",73,146,"1,114,023","238,126","445,609","93,714","20,385","6,248",7.86,3.66,2.38,3124,3.93,1.83,1.19,2037,2.56,1.19,0.78,1359,18.62,9.31,6.21,680,9.32,4.66,3.11,443,6.07,3.03,2.02
Houma,LA,707,65,399,553,32,49,"206,176","37,957","82,470","17,112","3,662","1,141",2.86,2.06,1.61,570,1.43,1.03,0.81,372,0.93,0.67,0.53,244,7.63,4.98,3.75,122,3.81,2.49,1.88,80,2.5,1.63,1.23
Houston,TX,"14,062","1,790","5,130","9,596",652,"1,221","5,278,689","769,270","2,111,476","430,413","90,110","28,694",5.59,2.99,2.04,14347,2.8,1.5,1.02,9357,1.82,0.98,0.67,6007,9.21,4.92,3.36,3004,4.61,2.46,1.68,1959,3,1.6,1.09
Hudson,FL,"1,188",160,329,758,45,102,"351,228","112,737","140,491","30,977","7,107","2,065",6.28,2.72,1.74,1033,3.14,1.36,0.87,673,2.05,0.89,0.57,474,10.53,4.65,2.96,237,5.27,2.32,1.48,154,3.42,1.51,0.96
Huntington,WV,"1,561",162,382,971,64,113,"276,340","63,341","110,536","23,409","5,134","1,561",4.09,1.61,1,780,2.04,0.8,0.5,509,1.33,0.52,0.33,342,5.34,3.03,2.11,171,2.67,1.51,1.06,112,1.75,0.99,0.69
Huntsville,AL,"1,804",248,569,"1,187",59,154,"506,155","100,153","202,462","42,274","9,117","2,818",4.95,2.37,1.56,1409,2.48,1.19,0.78,919,1.62,0.77,0.51,608,10.31,3.95,2.45,304,5.15,1.97,1.23,198,3.36,1.29,0.8
Idaho Falls,ID,492,44,269,381,24,34,"169,856","28,437","67,942","13,990","2,966",933,3.47,2.45,1.9,466,1.73,1.22,0.95,304,1.13,0.8,0.62,198,8.25,5.82,4.5,99,4.13,2.91,2.25,64,2.67,1.88,1.45
Indianapolis,IN,"7,441","1,081","3,350","5,396",403,742,"2,249,394","412,838","899,758","186,642","39,933","12,443",3.71,2.31,1.67,6221,1.86,1.15,0.84,4057,1.21,0.75,0.55,2662,6.61,3.59,2.46,1331,3.3,1.79,1.23,868,2.15,1.17,0.8
Iowa City,IA,"1,414",147,538,976,64,106,"279,218","53,012","111,687","23,235","4,989","1,549",2.88,1.59,1.1,774,1.44,0.79,0.55,505,0.94,0.52,0.36,333,5.2,3.14,2.27,166,2.59,1.57,1.13,108,1.69,1.02,0.73
Jackson,MS,"4,425",406,"1,964","3,194",149,277,"792,834","152,349","317,134","66,045","14,198","4,403",2.24,1.38,1,2202,1.12,0.69,0.5,1436,0.73,0.45,0.32,947,6.36,3.42,2.33,473,3.17,1.71,1.17,309,2.07,1.12,0.76
Jackson,TN,"1,063",115,423,743,57,86,"256,100","58,414","102,440","21,683","4,752","1,446",3.42,1.95,1.36,723,1.71,0.97,0.68,471,1.11,0.63,0.44,317,5.56,3.69,2.76,158,2.77,1.84,1.37,103,1.81,1.2,0.9
Jacksonville,FL,"4,947",618,"1,625","3,286",183,400,"1,340,118","254,567","536,047","111,522","23,946","7,435",4.58,2.26,1.5,3717,2.29,1.13,0.75,2424,1.49,0.74,0.49,1596,8.72,3.99,2.58,798,4.36,2,1.29,521,2.85,1.3,0.84
Johnson City,TN,956,94,342,649,39,66,"235,522","51,395","94,209","19,853","4,329","1,324",3.87,2.04,1.38,662,1.94,1.02,0.69,432,1.26,0.67,0.45,289,7.41,4.38,3.07,144,3.69,2.18,1.53,94,2.41,1.42,1
Johnstown,PA,741,44,426,584,25,35,"170,816","45,254","68,326","14,702","3,283",980,2.3,1.68,1.32,490,1.15,0.84,0.66,320,0.75,0.55,0.43,219,8.76,6.26,4.98,109,4.36,3.11,2.48,71,2.84,2.03,1.61
Joliet,IL,"1,376",149,662,"1,019",53,101,"516,812","90,546","206,725","42,719","9,097","2,848",4.3,2.79,2.07,1424,2.15,1.4,1.03,929,1.4,0.91,0.68,606,11.43,6,4.07,303,5.72,3,2.03,198,3.74,1.96,1.33
Jonesboro,AR,975,76,403,689,23,50,"185,969","38,518","74,388","15,597","3,381","1,040",2.58,1.51,1.07,520,1.29,0.75,0.53,339,0.84,0.49,0.35,225,9.78,4.5,2.96,113,4.91,2.26,1.49,74,3.22,1.48,0.97
Joplin,MO,"1,045",124,507,776,71,97,"282,798","63,826","113,119","23,918","5,236","1,595",3.15,2.06,1.53,797,1.57,1.03,0.76,520,1.03,0.67,0.5,349,4.92,3.6,2.81,175,2.46,1.8,1.41,114,1.61,1.18,0.92
Kalamazoo,MI,"1,462",139,681,"1,072",21,80,"520,196","104,986","208,078","43,524","9,407","2,902",4.26,2.71,1.98,1451,2.13,1.35,0.99,946,1.39,0.88,0.65,627,29.86,7.84,4.51,314,14.95,3.93,2.26,204,9.71,2.55,1.47
Kansas City,MO,"6,736",795,"2,646","4,691",286,541,"1,950,902","362,250","780,361","162,034","34,710","10,802",4.08,2.3,1.6,5401,2.04,1.15,0.8,3522,1.33,0.75,0.52,2314,8.09,4.28,2.91,1157,4.05,2.14,1.46,755,2.64,1.4,0.95
Kettering,OH,923,138,412,667,42,90,"334,281","73,199","133,712","28,187","6,148","1,879",4.56,2.82,2.04,940,2.28,1.41,1.02,613,1.49,0.92,0.66,410,9.76,4.56,2.97,205,4.88,2.28,1.49,134,3.19,1.49,0.97
Kingsport,TN,"1,485",185,668,"1,077",75,130,"375,852","93,948","150,341","32,135","7,123","2,142",3.21,1.99,1.44,1071,1.6,0.99,0.72,699,1.05,0.65,0.47,475,6.33,3.65,2.57,237,3.16,1.82,1.28,155,2.07,1.19,0.84
Knoxville,TN,"3,193",299,"1,198","2,195",74,186,"1,108,058","250,729","443,223","93,740","20,526","6,249",5.22,2.85,1.96,3125,2.61,1.42,0.98,2038,1.7,0.93,0.64,1368,18.49,7.35,4.58,684,9.24,3.68,2.29,446,6.03,2.4,1.49
La Crosse,WI,650,78,286,468,44,61,"279,590","60,747","111,836","23,557","5,134","1,570",5.49,3.35,2.42,785,2.74,1.68,1.21,512,1.79,1.09,0.79,342,7.77,5.61,4.38,171,3.89,2.8,2.19,112,2.55,1.84,1.44
Lafayette,IN,457,34,193,325,14,24,"199,535","31,824","79,814","16,374","3,456","1,092",5.66,3.36,2.39,546,2.83,1.68,1.19,356,1.84,1.1,0.78,230,16.43,9.58,6.76,115,8.21,4.79,3.38,75,5.36,3.13,2.21
Lafayette,LA,"1,716",188,700,"1,208",87,137,"477,559","85,840","191,024","39,556","8,445","2,637",3.77,2.18,1.54,1319,1.88,1.09,0.77,860,1.23,0.71,0.5,563,6.47,4.11,2.99,282,3.24,2.06,1.5,184,2.11,1.34,0.98
Lake Charles,LA,830,81,424,627,44,62,"210,604","37,934","84,242","17,447","3,726","1,163",2.74,1.85,1.4,582,1.37,0.93,0.7,379,0.89,0.6,0.46,248,5.64,4,3.06,124,2.82,2,1.53,81,1.84,1.31,1
Lakeland,FL,"1,046",103,382,714,57,80,"317,384","73,118","126,954","26,900","5,903","1,793",4.69,2.51,1.71,897,2.35,1.26,0.86,585,1.53,0.82,0.56,394,6.91,4.93,3.83,197,3.46,2.46,1.91,128,2.25,1.6,1.24
Lancaster,PA,"1,081",98,468,774,40,69,"528,715","112,509","211,486","44,458","9,665","2,964",6.33,3.83,2.74,1482,3.17,1.91,1.37,966,2.06,1.25,0.89,644,16.1,9.33,6.57,322,8.05,4.67,3.29,210,5.25,3.04,2.14
Lansing,MI,"1,444",240,632,"1,038",115,177,"561,636","102,892","224,654","46,594","9,967","3,106",4.91,2.99,2.15,1553,2.46,1.5,1.08,1013,1.6,0.98,0.7,664,5.77,3.75,2.77,332,2.89,1.88,1.38,217,1.89,1.23,0.9
Las Vegas,NV,"4,165",761,"1,088","2,626",162,462,"1,704,994","321,669","681,998","141,803","30,426","9,454",8.69,3.6,2.27,4727,4.34,1.8,1.13,3083,2.83,1.17,0.74,2028,12.52,4.39,2.66,1014,6.26,2.19,1.33,661,4.08,1.43,0.87
Lawton,OK,733,76,346,539,32,54,"152,745","28,422","61,098","12,689","2,719",846,2.45,1.57,1.15,423,1.22,0.78,0.58,276,0.8,0.51,0.38,181,5.66,3.35,2.38,91,2.84,1.69,1.2,59,1.84,1.09,0.78
Lebanon,NH,939,105,333,636,56,80,"320,499","77,792","128,200","27,314","6,032","1,821",5.47,2.86,1.94,910,2.73,1.43,0.97,594,1.78,0.93,0.63,402,7.18,5.03,3.83,201,3.59,2.51,1.91,131,2.34,1.64,1.25
Lexington,KY,"5,045",579,"2,073","3,559",172,375,"1,192,842","231,348","477,137","99,447","21,400","6,630",3.2,1.86,1.31,3315,1.6,0.93,0.66,2162,1.04,0.61,0.43,1427,8.3,3.81,2.46,713,4.15,1.9,1.23,465,2.7,1.24,0.8
Lincoln,NE,"2,047",116,"1,016","1,532",33,75,"459,005","93,970","183,602","38,455","8,324","2,564",2.52,1.67,1.25,1282,1.26,0.84,0.63,836,0.82,0.55,0.41,555,16.82,7.4,4.78,277,8.39,3.69,2.39,181,5.48,2.41,1.56
Little Rock,AR,"4,854",520,"2,174","3,514",177,348,"1,212,482","258,840","484,993","101,985","22,180","6,799",3.13,1.93,1.4,3400,1.56,0.97,0.7,2217,1.02,0.63,0.46,1479,8.36,4.25,2.84,739,4.18,2.12,1.42,482,2.72,1.39,0.93
Longview,TX,224,45,98,161,21,33,"161,316","33,367","64,526","13,528","2,932",902,9.2,5.6,4.03,451,4.6,2.8,2.01,294,3,1.83,1.31,195,9.29,5.91,4.33,98,4.67,2.97,2.18,64,3.05,1.94,1.42
Los Angeles,CA,"19,492","2,415","6,594","13,043",942,"1,679","7,874,162","1,268,093","3,149,665","646,624","136,592","43,108",6.54,3.31,2.21,21554,3.27,1.65,1.11,14057,2.13,1.08,0.72,9106,9.67,5.42,3.77,4553,4.83,2.71,1.89,2969,3.15,1.77,1.23
Louisville,KY,"4,162",506,"1,700","2,931",165,335,"1,385,741","271,762","554,296","115,643","24,915","7,710",4.54,2.63,1.85,3855,2.27,1.32,0.93,2514,1.48,0.86,0.6,1661,10.07,4.96,3.28,830,5.03,2.48,1.64,542,3.28,1.62,1.07
Lubbock,TX,"1,811",298,922,"1,367",85,191,"546,461","91,980","218,584","45,026","9,551","3,002",3.26,2.2,1.66,1501,1.63,1.1,0.83,979,1.06,0.72,0.54,637,7.49,3.34,2.14,318,3.74,1.66,1.07,208,2.45,1.09,0.7
Lynchburg,VA,"1,174",55,309,741,20,37,"217,344","49,862","86,938","18,413","4,038","1,228",3.97,1.66,1.05,614,1.99,0.83,0.52,400,1.29,0.54,0.34,269,13.45,7.27,4.89,135,6.75,3.65,2.45,88,4.4,2.38,1.6
Macon,GA,"2,295",240,865,"1,580",57,149,"568,689","111,226","227,476","47,447","10,220","3,163",3.66,2,1.38,1582,1.83,1,0.69,1031,1.19,0.65,0.45,681,11.95,4.57,2.84,341,5.98,2.29,1.42,222,3.89,1.49,0.93
Madison,WI,"2,443",267,838,"1,640",121,194,"886,932","165,619","354,773","73,700","15,797","4,913",5.86,3,2.01,2457,2.93,1.5,1.01,1602,1.91,0.98,0.66,1053,8.7,5.43,3.94,527,4.36,2.72,1.97,343,2.83,1.77,1.28
Manchester,NH,"1,603",137,582,"1,092",53,95,"714,679","143,594","285,872","59,772","12,912","3,985",6.85,3.65,2.49,1992,3.42,1.82,1.24,1299,2.23,1.19,0.81,861,16.25,9.06,6.28,430,8.11,4.53,3.14,281,5.3,2.96,2.05
Manhattan,NY,"14,834","1,427","3,059","8,946",616,"1,021","4,173,437","725,342","1,669,375","344,744","73,357","22,983",7.51,2.57,1.55,11491,3.76,1.28,0.77,7494,2.45,0.84,0.51,4890,7.94,4.79,3.43,2445,3.97,2.39,1.71,1595,2.59,1.56,1.12
Marquette,MI,601,47,276,438,18,32,"159,278","39,415","63,711","13,603","3,011",907,3.29,2.07,1.51,453,1.64,1.03,0.75,296,1.07,0.68,0.49,201,11.17,6.28,4.28,100,5.56,3.13,2.13,65,3.61,2.03,1.38
Marshfield,WI,706,68,281,494,34,51,"295,582","70,770","118,233","25,154","5,546","1,677",5.97,3.39,2.38,838,2.98,1.7,1.19,547,1.95,1.11,0.77,370,10.88,7.25,5.44,185,5.44,3.63,2.72,121,3.56,2.37,1.78
Mason City,IA,470,18,239,354,6,12,"100,326","26,837","40,130","8,644","1,933",576,2.41,1.63,1.23,288,1.21,0.81,0.61,188,0.79,0.53,0.4,129,21.5,10.75,7.17,64,10.67,5.33,3.56,42,7,3.5,2.33
McAllen,TX,"1,938",350,849,"1,394",133,241,"486,579","74,033","194,632","39,793","8,363","2,653",3.12,1.9,1.37,1326,1.56,0.95,0.68,865,1.02,0.62,0.45,558,4.2,2.32,1.59,279,2.1,1.16,0.8,182,1.37,0.76,0.52
Medford,OR,855,72,369,612,25,49,"351,154","95,565","140,462","30,319","6,796","2,021",5.48,3.3,2.36,1011,2.74,1.65,1.18,659,1.79,1.08,0.77,453,18.12,9.24,6.29,227,9.08,4.63,3.15,148,5.92,3.02,2.06
Melrose Park,IL,"2,902",334,"1,122","2,012",137,236,"1,031,510","185,204","412,604","85,433","18,238","5,696",5.08,2.83,1.96,2848,2.54,1.42,0.98,1857,1.66,0.92,0.64,1216,8.88,5.15,3.64,608,4.44,2.58,1.82,396,2.89,1.68,1.19
Memphis,TN,"5,054",543,"2,045","3,549",139,341,"1,366,198","246,308","546,479","113,191","24,174","7,546",3.69,2.13,1.49,3773,1.84,1.06,0.75,2461,1.2,0.69,0.49,1612,11.6,4.73,2.97,806,5.8,2.36,1.48,526,3.78,1.54,0.97
Meridian,MS,"1,117",57,445,781,19,38,"148,060","32,340","59,224","12,481","2,722",832,1.87,1.07,0.74,416,0.93,0.53,0.37,271,0.61,0.35,0.24,181,9.53,4.76,3.18,91,4.79,2.39,1.6,59,3.11,1.55,1.04
Mesa,AZ,"2,091",291,648,"1,370",108,200,"1,135,619","212,738","454,248","94,391","20,238","6,293",9.71,4.59,3.01,3146,4.85,2.3,1.5,2052,3.17,1.5,0.98,1349,12.49,6.75,4.64,675,6.25,3.38,2.32,440,4.07,2.2,1.51
Metairie,LA,857,111,406,631,44,78,"366,346","76,217","146,538","30,738","6,666","2,049",5.05,3.25,2.39,1025,2.52,1.62,1.2,668,1.65,1.06,0.78,444,10.09,5.69,4,222,5.05,2.85,2,145,3.3,1.86,1.31
Miami,FL,"9,139",981,"2,952","6,045",280,630,"2,741,481","526,396","1,096,592","228,356","49,088","15,224",5.16,2.52,1.67,7612,2.58,1.26,0.83,4964,1.68,0.82,0.54,3273,11.69,5.2,3.34,1636,5.84,2.6,1.67,1067,3.81,1.69,1.09
Milwaukee,WI,"5,263",818,"2,207","3,735",323,570,"2,079,205","380,644","831,682","172,484","36,894","11,499",5.21,3.08,2.18,5749,2.6,1.54,1.09,3750,1.7,1,0.71,2460,7.62,4.32,3.01,1230,3.81,2.16,1.5,802,2.48,1.41,0.98
Minneapolis,MN,"6,954",612,"2,458","4,706",238,425,"2,570,355","478,271","1,028,142","213,521","45,749","14,235",5.79,3.02,2.05,7117,2.9,1.51,1.02,4642,1.89,0.99,0.67,3050,12.82,7.18,4.98,1525,6.41,3.59,2.49,995,4.18,2.34,1.63
Minot,ND,916,19,384,650,9,14,"112,434","19,303","44,974","9,279","1,972",619,1.61,0.95,0.68,309,0.8,0.48,0.34,202,0.53,0.31,0.22,131,14.56,9.36,6.89,66,7.33,4.71,3.47,43,4.78,3.07,2.26
Missoula,MT,"1,002",79,455,729,39,59,"315,091","74,302","126,036","26,770","5,891","1,785",3.92,2.45,1.78,892,1.96,1.22,0.89,582,1.28,0.8,0.58,393,10.08,6.66,4.97,196,5.03,3.32,2.48,128,3.28,2.17,1.62
Mobile,AL,"2,066",282,695,"1,380",101,191,"648,957","135,227","259,583","54,459","11,812","3,631",5.22,2.63,1.76,1815,2.61,1.32,0.88,1184,1.7,0.86,0.57,787,7.79,4.12,2.79,394,3.9,2.06,1.4,257,2.54,1.35,0.91
Modesto,CA,"1,478",118,467,972,44,81,"680,976","119,559","272,390","56,297","11,991","3,753",8.04,3.86,2.54,1877,4.02,1.93,1.27,1224,2.62,1.26,0.83,799,18.16,9.86,6.77,400,9.09,4.94,3.39,261,5.93,3.22,2.21
Monroe,LA,"1,064",102,561,813,36,69,"204,787","41,070","81,915","17,125","3,698","1,142",2.04,1.4,1.07,571,1.02,0.7,0.54,372,0.66,0.46,0.35,247,6.86,3.58,2.42,123,3.42,1.78,1.21,80,2.22,1.16,0.78
Montgomery,AL,"1,225",131,461,843,61,96,"360,863","68,023","144,345","30,010","6,439","2,001",4.34,2.37,1.63,1000,2.17,1.19,0.82,652,1.41,0.77,0.53,429,7.03,4.47,3.27,215,3.52,2.24,1.64,140,2.3,1.46,1.07
Morgantown,WV,"1,555",155,499,"1,027",40,97,"329,288","68,760","131,715","27,639","5,996","1,843",3.69,1.79,1.19,921,1.85,0.9,0.59,601,1.2,0.59,0.39,400,10,4.12,2.58,200,5,2.06,1.29,130,3.25,1.34,0.84
Morristown,NJ,"1,862",147,589,"1,226",54,101,"795,142","157,620","318,057","66,420","14,327","4,428",7.52,3.61,2.38,2214,3.76,1.81,1.19,1444,2.45,1.18,0.78,955,17.69,9.46,6.5,478,8.85,4.73,3.25,311,5.76,3.08,2.12
Muncie,IN,377,36,129,253,8,22,"128,803","27,663","51,521","10,840","2,359",723,5.6,2.86,1.92,361,2.8,1.43,0.96,236,1.83,0.93,0.63,157,19.63,7.14,4.36,79,9.88,3.59,2.19,51,6.38,2.32,1.42
Munster,IN,"1,500",105,642,"1,071",42,74,"239,843","45,234","95,937","19,947","4,280","1,330",2.07,1.24,0.89,665,1.04,0.62,0.44,434,0.68,0.41,0.29,285,6.79,3.85,2.71,143,3.4,1.93,1.36,93,2.21,1.26,0.89
Muskegon,MI,501,57,253,377,40,49,"209,507","45,654","83,803","17,657","3,849","1,177",4.65,3.12,2.35,589,2.33,1.56,1.18,384,1.52,1.02,0.77,257,6.43,5.24,4.51,128,3.2,2.61,2.25,84,2.1,1.71,1.47
Napa,CA,456,70,152,304,41,56,"218,503","53,625","87,401","18,644","4,123","1,243",8.18,4.09,2.73,621,4.09,2.04,1.36,405,2.66,1.33,0.89,275,6.71,4.91,3.93,137,3.34,2.45,1.96,90,2.2,1.61,1.29
Nashville,TN,"7,810","1,118","2,987","5,398",317,717,"2,282,662","410,987","913,065","189,100","40,380","12,607",4.22,2.34,1.61,6303,2.11,1.17,0.81,4111,1.38,0.76,0.53,2692,8.49,3.75,2.41,1346,4.25,1.88,1.2,878,2.77,1.22,0.79
Neenah,WI,447,46,262,355,25,35,"191,863","39,899","76,745","16,098","3,491","1,073",4.1,3.02,2.4,537,2.05,1.51,1.2,350,1.34,0.99,0.78,233,9.32,6.66,5.07,116,4.64,3.31,2.52,76,3.04,2.17,1.65
New Brunswick,NJ,"2,177",213,616,"1,397",126,170,"845,392","153,380","338,157","70,078","14,976","4,672",7.58,3.34,2.15,2336,3.79,1.67,1.07,1523,2.47,1.09,0.7,998,7.92,5.87,4.69,499,3.96,2.94,2.34,326,2.59,1.92,1.53
New Haven,CT,"2,825",286,610,"1,717",118,202,"1,177,072","244,084","470,829","98,733","21,403","6,582",10.79,3.83,2.33,3291,5.4,1.92,1.16,2146,3.52,1.25,0.76,1427,12.09,7.06,4.99,713,6.04,3.53,2.49,465,3.94,2.3,1.63
New Orleans,LA,"2,491",313,869,"1,680",77,195,"554,325","92,037","221,730","45,626","9,666","3,042",3.5,1.81,1.22,1521,1.75,0.91,0.61,992,1.14,0.59,0.4,644,8.36,3.3,2.06,322,4.18,1.65,1.03,210,2.73,1.08,0.67
Newark,NJ,"3,636",403,"1,033","2,334",195,299,"1,233,539","198,090","493,416","101,276","21,388","6,752",6.54,2.89,1.86,3376,3.27,1.45,0.93,2202,2.13,0.94,0.61,1426,7.31,4.77,3.54,713,3.66,2.38,1.77,465,2.38,1.56,1.15
Newport News,VA,905,145,251,578,45,95,"447,424","89,385","178,970","37,401","8,074","2,493",9.93,4.31,2.75,1247,4.97,2.16,1.38,813,3.24,1.41,0.9,538,11.96,5.66,3.71,269,5.98,2.83,1.86,176,3.91,1.85,1.21
Norfolk,VA,"2,543",276,782,"1,663",82,179,"1,023,500","174,191","409,400","84,405","17,923","5,627",7.2,3.38,2.21,2814,3.6,1.69,1.11,1835,2.35,1.1,0.72,1195,14.57,6.68,4.33,597,7.28,3.34,2.16,390,4.76,2.18,1.41
Ocala,FL,902,150,289,596,51,100,"449,792","185,054","179,917","41,216","9,835","2,748",9.51,4.61,3.05,1374,4.75,2.31,1.52,896,3.1,1.5,0.99,656,12.86,6.56,4.37,328,6.43,3.28,2.19,214,4.2,2.14,1.43
Odessa,TX,"1,014",101,543,779,38,70,"283,753","43,182","113,501","23,206","4,877","1,547",2.85,1.99,1.53,774,1.43,0.99,0.76,504,0.93,0.65,0.5,325,8.55,4.64,3.22,163,4.29,2.33,1.61,106,2.79,1.51,1.05
Ogden,UT,750,110,371,561,42,76,"356,000","51,907","142,400","29,028","6,078","1,935",5.22,3.45,2.58,968,2.61,1.73,1.29,631,1.7,1.12,0.84,405,9.64,5.33,3.68,203,4.83,2.67,1.85,132,3.14,1.74,1.2
Oklahoma City,OK,"5,541",582,"2,447","3,994",225,404,"1,491,485","279,037","596,594","123,956","26,574","8,264",3.38,2.07,1.49,4132,1.69,1.03,0.75,2695,1.1,0.67,0.49,1772,7.88,4.39,3.04,886,3.94,2.19,1.52,578,2.57,1.43,0.99
Olympia,WA,558,84,173,365,25,54,"320,156","71,021","128,062","27,031","5,905","1,802",10.42,4.94,3.23,901,5.21,2.47,1.61,588,3.4,1.61,1.05,394,15.76,7.3,4.69,197,7.88,3.65,2.35,128,5.12,2.37,1.52
Omaha,NE,"4,017",449,"1,742","2,879",184,317,"1,010,995","195,073","404,398","84,248","18,120","5,617",3.22,1.95,1.4,2808,1.61,0.98,0.7,1831,1.05,0.64,0.46,1208,6.57,3.81,2.69,604,3.28,1.91,1.35,394,2.14,1.24,0.88
Orange County,CA,"5,813",690,"2,236","4,024",293,491,"2,662,559","456,181","1,065,024","219,689","46,681","14,646",6.55,3.64,2.52,7323,3.28,1.82,1.26,4776,2.14,1.19,0.82,3112,10.62,6.34,4.51,1556,5.31,3.17,2.26,1015,3.46,2.07,1.47
Orlando,FL,"10,004","1,284","3,292","6,648",448,866,"3,130,935","714,153","1,252,374","265,089","58,101","17,673",5.37,2.66,1.77,8836,2.68,1.33,0.88,5763,1.75,0.87,0.58,3873,8.65,4.47,3.02,1937,4.32,2.24,1.51,1263,2.82,1.46,0.98
Ormond Beach,FL,872,158,359,616,63,110,"338,880","108,815","135,552","29,890","6,858","1,993",5.55,3.24,2.29,996,2.77,1.62,1.14,650,1.81,1.06,0.75,457,7.25,4.15,2.89,229,3.63,2.08,1.45,149,2.37,1.35,0.94
Owensboro,KY,390,36,175,282,14,25,"112,038","24,900","44,815","9,461","2,067",631,3.61,2.24,1.62,315,1.8,1.12,0.81,206,1.18,0.73,0.53,138,9.86,5.52,3.83,69,4.93,2.76,1.92,45,3.21,1.8,1.25
Oxford,MS,835,29,344,589,15,22,"116,854","21,977","46,742","9,716","2,084",648,1.88,1.1,0.78,324,0.94,0.55,0.39,211,0.61,0.36,0.25,139,9.27,6.32,4.79,69,4.6,3.14,2.38,45,3,2.05,1.55
Paducah,KY,"1,490",117,779,"1,134",57,87,"290,227","70,421","116,091","24,733","5,462","1,649",2.12,1.45,1.11,824,1.06,0.73,0.55,538,0.69,0.47,0.36,364,6.39,4.18,3.11,182,3.19,2.09,1.56,119,2.09,1.37,1.02
Palm Springs/Rancho Mira,CA,974,69,404,689,23,46,"305,976","94,312","122,390","26,838","6,121","1,789",4.43,2.6,1.84,895,2.22,1.3,0.92,583,1.44,0.85,0.6,408,17.74,8.87,5.91,204,8.87,4.43,2.96,133,5.78,2.89,1.93
Paterson,NJ,"1,164",84,527,845,12,48,"310,775","60,087","124,310","25,902","5,572","1,727",3.28,2.04,1.48,863,1.64,1.02,0.74,563,1.07,0.67,0.48,371,30.92,7.73,4.42,186,15.5,3.88,2.21,121,10.08,2.52,1.44
Pensacola,FL,"2,001",230,755,"1,378",91,160,"636,854","130,505","254,742","53,360","11,552","3,557",4.71,2.58,1.78,1779,2.36,1.29,0.89,1160,1.54,0.84,0.58,770,8.46,4.81,3.35,385,4.23,2.41,1.67,251,2.76,1.57,1.09
Peoria,IL,"1,725",156,643,"1,184",71,114,"469,070","106,095","187,628","39,681","8,688","2,645",4.11,2.23,1.53,1323,2.06,1.12,0.77,863,1.34,0.73,0.5,579,8.15,5.08,3.71,290,4.08,2.54,1.86,189,2.66,1.66,1.21
Petoskey,MI,476,68,178,327,22,45,"142,627","37,819","57,051","12,277","2,742",818,4.6,2.5,1.72,409,2.3,1.25,0.86,267,1.5,0.82,0.56,183,8.32,4.07,2.69,91,4.14,2.02,1.34,60,2.73,1.33,0.88
Philadelphia,PA,"10,697","1,257","3,634","7,165",546,902,"3,331,376","632,032","1,332,550","277,202","59,513","18,480",5.09,2.58,1.73,9240,2.54,1.29,0.86,6026,1.66,0.84,0.56,3968,7.27,4.4,3.16,1984,3.63,2.2,1.58,1294,2.37,1.43,1.03
Phoenix,AZ,"6,977",957,"2,567","4,772",416,687,"2,761,090","532,669","1,104,436","230,084","49,485","15,339",5.98,3.21,2.2,7669,2.99,1.61,1.1,5002,1.95,1.05,0.72,3299,7.93,4.8,3.45,1650,3.97,2.4,1.72,1076,2.59,1.57,1.12
Pittsburgh,PA,"8,133","1,079","2,738","5,436",420,749,"2,324,172","541,967","929,669","197,232","43,344","13,149",4.8,2.42,1.62,6574,2.4,1.21,0.81,4288,1.57,0.79,0.53,2890,6.88,3.86,2.68,1445,3.44,1.93,1.34,942,2.24,1.26,0.87
Pontiac,MI,911,95,321,616,49,72,"376,936","70,983","150,774","31,344","6,724","2,090",6.51,3.39,2.29,1045,3.26,1.7,1.15,681,2.12,1.11,0.75,448,9.14,6.22,4.72,224,4.57,3.11,2.36,146,2.98,2.03,1.54
Portland,ME,"2,524",209,710,"1,617",92,151,"876,231","194,509","350,492","73,985","16,164","4,932",6.95,3.05,1.95,2466,3.47,1.53,0.98,1608,2.26,0.99,0.64,1078,11.72,7.14,5.16,539,5.86,3.57,2.58,351,3.82,2.32,1.68
Portland,OR,"4,684",661,"1,737","3,211",278,469,"2,215,589","412,976","886,236","184,078","39,447","12,272",7.07,3.82,2.62,6136,3.53,1.91,1.31,4002,2.3,1.25,0.85,2630,9.46,5.61,3.98,1315,4.73,2.8,1.99,858,3.09,1.83,1.3
Providence,RI,"2,249",293,690,"1,470",82,188,"986,702","192,737","394,681","82,313","17,727","5,488",7.95,3.73,2.44,2744,3.98,1.87,1.22,1789,2.59,1.22,0.8,1182,14.41,6.29,4.03,591,7.21,3.14,2.02,385,4.7,2.05,1.31
Provo,UT,941,122,387,664,52,87,"436,975","52,585","174,790","35,208","7,259","2,347",6.06,3.53,2.49,1174,3.03,1.77,1.25,765,1.98,1.15,0.81,484,9.31,5.56,3.97,242,4.65,2.78,1.98,158,3.04,1.82,1.3
Pueblo,CO,615,28,238,426,7,17,"138,550","32,449","55,420","11,763","2,586",784,3.29,1.84,1.27,392,1.65,0.92,0.64,256,1.08,0.6,0.42,172,24.57,10.12,6.14,86,12.29,5.06,3.07,56,8,3.29,2
Raleigh,NC,"3,560",375,"1,124","2,342",160,267,"1,670,043","272,076","668,017","137,262","29,026","9,151",8.14,3.91,2.57,4575,4.07,1.95,1.29,2984,2.65,1.27,0.84,1935,12.09,7.25,5.16,968,6.05,3.63,2.58,631,3.94,2.36,1.68
Rapid City,SD,878,46,343,610,20,33,"173,590","37,388","69,436","14,614","3,181",974,2.84,1.6,1.11,487,1.42,0.8,0.55,318,0.93,0.52,0.36,212,10.6,6.42,4.61,106,5.3,3.21,2.3,69,3.45,2.09,1.5
Reading,PA,"1,329",99,559,944,50,75,"466,917","99,775","186,767","39,277","8,543","2,618",4.68,2.77,1.97,1309,2.34,1.39,0.98,854,1.53,0.9,0.64,570,11.4,7.6,5.76,285,5.7,3.8,2.88,186,3.72,2.48,1.88
Redding,CA,786,109,284,535,58,83,"276,179","64,591","110,472","23,444","5,154","1,563",5.5,2.92,1.99,781,2.75,1.46,0.99,510,1.8,0.95,0.65,344,5.93,4.14,3.16,172,2.97,2.07,1.58,112,1.93,1.35,1.03
Reno,NV,"1,886",406,660,"1,273",128,267,"605,953","127,753","242,381","50,907","11,056","3,394",5.14,2.67,1.8,1697,2.57,1.33,0.9,1107,1.68,0.87,0.59,737,5.76,2.76,1.82,369,2.88,1.38,0.91,240,1.88,0.9,0.59
Richmond,VA,"4,478",465,"1,488","2,983",144,305,"1,409,076","264,187","563,630","117,129","25,116","7,809",5.25,2.62,1.74,3904,2.62,1.31,0.87,2546,1.71,0.85,0.57,1674,11.63,5.49,3.6,837,5.81,2.74,1.8,546,3.79,1.79,1.17
Ridgewood,NJ,814,83,275,544,35,59,"338,732","65,551","135,493","28,235","6,074","1,882",6.84,3.46,2.31,941,3.42,1.73,1.16,614,2.23,1.13,0.75,405,11.57,6.86,4.88,202,5.77,3.42,2.43,132,3.77,2.24,1.59
Roanoke,VA,"2,189",272,593,"1,391",113,192,"569,741","127,897","227,896","48,160","10,536","3,211",5.41,2.31,1.47,1605,2.71,1.15,0.73,1047,1.77,0.75,0.48,702,6.21,3.66,2.58,351,3.11,1.83,1.29,229,2.03,1.19,0.84
Rochester,MN,"1,835",240,594,"1,215",90,165,"320,367","71,522","128,147","27,066","5,917","1,804",3.04,1.48,0.98,902,1.52,0.74,0.49,588,0.99,0.48,0.32,394,4.38,2.39,1.64,197,2.19,1.19,0.82,129,1.43,0.78,0.54
Rochester,NY,"3,766",289,827,"2,297",87,188,"1,036,499","211,611","414,600","86,815","18,787","5,788",7,2.52,1.54,2894,3.5,1.26,0.77,1887,2.28,0.82,0.5,1252,14.39,6.66,4.33,626,7.2,3.33,2.17,408,4.69,2.17,1.41
Rockford,IL,"1,320",199,613,966,96,147,"552,131","118,035","220,852","46,447","10,103","3,096",5.05,3.2,2.35,1548,2.53,1.6,1.17,1010,1.65,1.05,0.77,674,7.02,4.59,3.39,337,3.51,2.29,1.69,220,2.29,1.5,1.11
Rome,GA,733,74,229,481,16,45,"221,920","45,706","88,768","18,603","4,030","1,240",5.41,2.58,1.69,620,2.71,1.29,0.85,404,1.76,0.84,0.55,269,16.81,5.98,3.64,134,8.38,2.98,1.81,88,5.5,1.96,1.19
Royal Oak,MI,"2,781",324,858,"1,819",97,211,"556,198","117,512","222,479","46,736","10,153","3,116",3.63,1.71,1.12,1558,1.82,0.86,0.56,1016,1.18,0.56,0.37,677,6.98,3.21,2.09,338,3.48,1.6,1.04,221,2.28,1.05,0.68
Sacramento,CA,"4,381",616,"1,315","2,848",224,420,"2,076,640","403,030","830,656","173,140","37,261","11,543",8.78,4.05,2.63,5771,4.39,2.03,1.32,3764,2.86,1.32,0.86,2484,11.09,5.91,4.03,1242,5.54,2.96,2.02,810,3.62,1.93,1.31
Saginaw,MI,"2,396",208,962,"1,679",63,136,"489,824","124,235","195,930","41,948","9,316","2,797",2.91,1.67,1.17,1398,1.45,0.83,0.58,912,0.95,0.54,0.38,621,9.86,4.57,2.99,311,4.94,2.29,1.5,203,3.22,1.49,0.98
Salem,OR,487,64,154,321,10,37,"255,161","50,897","102,064","21,326","4,603","1,422",9.23,4.43,2.92,711,4.62,2.21,1.46,464,3.01,1.45,0.95,307,30.7,8.3,4.8,153,15.3,4.14,2.39,100,10,2.7,1.56
Salinas,CA,740,70,290,515,37,54,"303,247","51,843","121,299","25,017","5,315","1,668",5.75,3.24,2.25,834,2.88,1.62,1.13,544,1.88,1.06,0.74,354,9.57,6.56,5.06,177,4.78,3.28,2.53,116,3.14,2.15,1.66
Salisbury,MD,598,59,187,392,26,43,"371,513","100,254","148,605","32,045","7,174","2,136",11.42,5.45,3.57,1068,5.71,2.72,1.79,697,3.73,1.78,1.17,478,18.38,11.12,8.1,239,9.19,5.56,4.05,156,6,3.63,2.64
Salt Lake City,UT,"3,999",526,"1,804","2,902",277,402,"1,552,687","249,737","621,075","127,494","26,929","8,500",4.71,2.93,2.13,4250,2.36,1.46,1.06,2772,1.54,0.96,0.69,1795,6.48,4.47,3.41,898,3.24,2.23,1.71,585,2.11,1.46,1.11
San Angelo,TX,584,35,323,454,17,26,"126,084","26,085","50,434","10,574","2,292",705,2.18,1.55,1.21,352,1.09,0.78,0.6,230,0.71,0.51,0.39,153,9,5.88,4.37,76,4.47,2.92,2.17,50,2.94,1.92,1.43
San Antonio,TX,"6,234",747,"2,477","4,356",216,482,"2,191,766","376,149","876,706","180,868","38,439","12,058",4.87,2.77,1.93,6029,2.43,1.38,0.97,3932,1.59,0.9,0.63,2563,11.87,5.32,3.43,1281,5.93,2.66,1.71,836,3.87,1.73,1.12
San Bernardino,CA,"5,691",690,"2,125","3,908",231,460,"2,406,889","366,977","962,756","196,869","41,379","13,125",6.18,3.36,2.31,6562,3.09,1.68,1.15,4280,2.01,1.1,0.75,2759,11.94,6,4,1379,5.97,3,2,900,3.9,1.96,1.3
San Diego,CA,"6,178",802,"1,949","4,064",358,580,"3,005,567","497,077","1,202,227","247,312","52,373","16,487",8.46,4.06,2.67,8244,4.23,2.03,1.33,5376,2.76,1.32,0.87,3492,9.75,6.02,4.35,1746,4.88,3.01,2.18,1139,3.18,1.96,1.42
San Francisco,CA,"3,776",439,"1,139","2,458",203,321,"1,272,753","236,390","509,101","105,712","22,645","7,047",6.19,2.87,1.87,3524,3.09,1.43,0.93,2298,2.02,0.93,0.61,1510,7.44,4.7,3.44,755,3.72,2.35,1.72,492,2.42,1.53,1.12
San Jose,CA,"2,547",341,916,"1,731",146,244,"1,456,607","234,573","582,643","119,616","25,267","7,974",8.71,4.61,3.13,3987,4.35,2.3,1.57,2600,2.84,1.5,1.02,1684,11.53,6.9,4.94,842,5.77,3.45,2.47,549,3.76,2.25,1.61
San Luis Obispo,CA,390,54,202,296,33,44,"213,703","46,965","85,481","18,026","3,934","1,202",5.95,4.06,3.08,601,2.98,2.03,1.54,392,1.94,1.32,1.01,262,7.94,5.95,4.85,131,3.97,2.98,2.43,86,2.61,1.95,1.59
San Mateo County,CA,"1,555",198,452,"1,003",88,143,"666,874","128,195","266,750","55,554","11,944","3,704",8.19,3.69,2.38,1852,4.1,1.85,1.19,1208,2.67,1.2,0.78,796,9.05,5.57,4.02,398,4.52,2.78,2.01,260,2.95,1.82,1.31
Santa Barbara,CA,858,82,246,552,35,59,"359,828","67,153","143,931","29,899","6,408","1,993",8.1,3.61,2.32,997,4.05,1.81,1.16,650,2.64,1.18,0.76,427,12.2,7.24,5.21,214,6.11,3.63,2.61,139,3.97,2.36,1.7
Santa Cruz,CA,359,22,169,264,6,14,"229,413","39,590","91,765","18,940","4,027","1,263",7.47,4.78,3.52,631,3.73,2.39,1.76,412,2.44,1.56,1.15,268,44.67,19.14,12.18,134,22.33,9.57,6.09,88,14.67,6.29,4
Santa Rosa,CA,"1,272",93,306,789,45,69,"402,885","88,435","161,154","33,980","7,414","2,265",7.4,2.87,1.78,1133,3.7,1.44,0.89,739,2.42,0.94,0.58,494,10.98,7.16,5.31,247,5.49,3.58,2.66,161,3.58,2.33,1.73
Sarasota,FL,"1,309",159,604,957,77,118,"374,960","156,791","149,984","34,455","8,244","2,297",3.8,2.4,1.75,1148,1.9,1.2,0.88,749,1.24,0.78,0.57,550,7.14,4.66,3.46,275,3.57,2.33,1.73,179,2.32,1.52,1.13
Savannah,GA,"2,050",163,650,"1,350",55,109,"701,923","139,656","280,769","58,653","12,657","3,910",6.02,2.9,1.91,1955,3.01,1.45,0.95,1275,1.96,0.94,0.62,844,15.35,7.74,5.18,422,7.67,3.87,2.59,275,5,2.52,1.69
Sayre,PA,591,62,215,403,28,45,"153,089","36,987","61,236","13,040","2,878",869,4.04,2.16,1.47,435,2.02,1.08,0.74,283,1.32,0.7,0.48,192,6.86,4.27,3.1,96,3.43,2.13,1.55,63,2.25,1.4,1.02
Scranton,PA,782,65,324,553,31,48,"253,817","63,450","101,527","21,701","4,810","1,447",4.47,2.62,1.85,723,2.23,1.31,0.92,472,1.46,0.85,0.6,321,10.35,6.69,4.94,160,5.16,3.33,2.46,105,3.39,2.19,1.62
Seattle,WA,"4,700",651,"1,366","3,033",209,430,"2,421,217","421,176","968,487","200,017","42,565","13,334",9.76,4.4,2.84,6667,4.88,2.2,1.42,4348,3.18,1.43,0.93,2838,13.58,6.6,4.36,1419,6.79,3.3,2.18,925,4.43,2.15,1.42
Shreveport,LA,"2,468",283,"1,080","1,774",111,197,"531,003","109,269","212,401","44,508","9,640","2,967",2.75,1.67,1.2,1484,1.37,0.84,0.6,968,0.9,0.55,0.39,643,5.79,3.26,2.27,321,2.89,1.63,1.13,210,1.89,1.07,0.74
Sioux City,IA,909,59,362,635,23,41,"195,685","41,561","78,274","16,451","3,576","1,097",3.03,1.73,1.21,548,1.51,0.86,0.6,358,0.99,0.56,0.39,238,10.35,5.8,4.03,119,5.17,2.9,2.02,78,3.39,1.9,1.32
Sioux Falls,SD,"4,065",103,"1,653","2,859",52,77,"603,563","129,561","241,425","50,794","11,054","3,386",2.05,1.18,0.83,1693,1.02,0.59,0.42,1104,0.67,0.39,0.27,737,14.17,9.57,7.16,368,7.08,4.78,3.57,240,4.62,3.12,2.33
Slidell,LA,536,137,338,437,70,103,"149,492","32,656","59,797","12,602","2,748",840,2.49,1.92,1.57,420,1.24,0.96,0.78,274,0.81,0.63,0.51,183,2.61,1.78,1.34,92,1.31,0.89,0.67,60,0.86,0.58,0.44
South Bend,IN,"1,273",148,551,912,70,109,"539,539","108,077","215,816","45,112","9,742","3,007",5.46,3.3,2.36,1504,2.73,1.65,1.18,981,1.78,1.08,0.77,649,9.27,5.95,4.39,325,4.64,2.98,2.2,212,3.03,1.94,1.43
Spartanburg,SC,809,125,280,545,65,95,"300,991","64,361","120,396","25,321","5,508","1,688",6.03,3.1,2.09,844,3.01,1.55,1.04,550,1.96,1.01,0.68,367,5.65,3.86,2.94,184,2.83,1.94,1.47,120,1.85,1.26,0.96
Spokane,WA,"3,652",355,"1,657","2,655",134,245,"1,210,559","251,604","484,224","101,564","22,022","6,771",4.09,2.55,1.85,3385,2.04,1.27,0.93,2208,1.33,0.83,0.6,1468,10.96,5.99,4.14,734,5.48,3,2.07,479,3.57,1.96,1.35
Springdale,AR,"1,144",135,616,880,73,104,"437,572","77,638","175,029","36,206","7,720","2,414",3.92,2.74,2.11,1207,1.96,1.37,1.06,787,1.28,0.89,0.69,515,7.05,4.95,3.81,257,3.52,2.47,1.9,168,2.3,1.62,1.24
Springfield,IL,"2,426",213,"1,172","1,799",79,146,"637,463","146,057","254,985","53,997","11,841","3,600",3.07,2,1.48,1800,1.54,1,0.74,1174,1,0.65,0.48,789,9.99,5.4,3.7,395,5,2.71,1.85,257,3.25,1.76,1.21
Springfield,MA,"1,588",195,500,"1,044",73,134,"600,306","123,079","240,122","50,300","10,890","3,353",6.71,3.21,2.11,1677,3.35,1.61,1.06,1093,2.19,1.05,0.69,726,9.95,5.42,3.72,363,4.97,2.71,1.86,237,3.25,1.77,1.22
Springfield,MO,"2,078",226,819,"1,449",67,147,"688,462","166,812","275,385","58,662","12,952","3,911",4.78,2.7,1.88,1955,2.39,1.35,0.94,1275,1.56,0.88,0.61,863,12.88,5.87,3.82,432,6.45,2.94,1.91,282,4.21,1.92,1.25
St. Cloud,MN,898,45,227,563,16,31,"203,089","38,678","81,236","16,905","3,631","1,127",4.96,2,1.26,564,2.48,1,0.63,368,1.62,0.65,0.41,242,15.13,7.81,5.38,121,7.56,3.9,2.69,79,4.94,2.55,1.76
St. Joseph,MI,393,20,238,316,9,14,"110,235","26,066","44,094","9,368","2,062",625,2.63,1.98,1.59,312,1.31,0.99,0.79,204,0.86,0.65,0.52,137,15.22,9.79,6.85,69,7.67,4.93,3.45,45,5,3.21,2.25
St. Louis,MO,"10,187","1,180","4,326","7,257",547,864,"2,666,497","532,142","1,066,599","222,875","48,109","14,858",3.43,2.05,1.46,7429,1.72,1.02,0.73,4845,1.12,0.67,0.48,3207,5.86,3.71,2.72,1604,2.93,1.86,1.36,1046,1.91,1.21,0.89
St. Paul,MN,"1,604",183,582,"1,093",48,116,"856,536","148,362","342,614","70,734","15,046","4,716",8.1,4.31,2.94,2358,4.05,2.16,1.47,1538,2.64,1.41,0.96,1003,20.9,8.65,5.48,502,10.46,4.33,2.74,327,6.81,2.82,1.79
St. Petersburg,FL,"1,424",139,613,"1,018",33,86,"354,891","90,670","141,956","30,417","6,761","2,028",3.31,1.99,1.42,1014,1.65,1,0.71,661,1.08,0.65,0.46,451,13.67,5.24,3.24,225,6.82,2.62,1.62,147,4.45,1.71,1.06
Stockton,CA,918,121,329,623,41,81,"464,979","77,159","185,992","38,271","8,107","2,551",7.75,4.09,2.78,1276,3.88,2.05,1.39,832,2.53,1.34,0.91,540,13.17,6.67,4.46,270,6.59,3.33,2.23,176,4.29,2.17,1.45
Sun City,AZ,845,119,364,604,81,100,"237,503","104,547","95,001","22,023","5,317","1,468",4.03,2.43,1.74,734,2.02,1.22,0.87,479,1.32,0.79,0.57,354,4.37,3.54,2.97,177,2.19,1.77,1.49,116,1.43,1.16,0.97
Syracuse,NY,"3,062",243,950,"2,006",77,160,"832,908","165,881","333,163","69,604","15,021","4,640",4.88,2.31,1.52,2320,2.44,1.16,0.76,1513,1.59,0.75,0.49,1001,13,6.26,4.12,501,6.51,3.13,2.06,327,4.25,2.04,1.35
Tacoma,WA,"1,388",197,366,877,62,129,"642,251","109,410","256,900","52,969","11,249","3,531",9.65,4.03,2.54,1766,4.83,2.01,1.27,1152,3.15,1.31,0.83,750,12.1,5.81,3.81,375,6.05,2.91,1.9,245,3.95,1.9,1.24
Takoma Park,MD,"1,181",150,294,738,48,99,"789,639","122,832","315,856","64,680","13,620","4,312",14.67,5.84,3.65,2156,7.33,2.92,1.83,1406,4.78,1.91,1.19,908,18.92,9.17,6.05,454,9.46,4.59,3.03,296,6.17,2.99,1.97
Tallahassee,FL,"2,242",193,603,"1,423",50,122,"668,985","118,753","267,594","55,355","11,804","3,690",6.12,2.59,1.65,1845,3.06,1.3,0.82,1203,2,0.85,0.54,787,15.74,6.45,4.08,393,7.86,3.22,2.04,257,5.14,2.11,1.33
Tampa,FL,"4,005",515,"1,289","2,647",165,340,"1,170,264","218,181","468,106","97,231","20,837","6,482",5.03,2.45,1.62,3241,2.51,1.22,0.81,2114,1.64,0.8,0.53,1389,8.42,4.09,2.7,695,4.21,2.04,1.35,453,2.75,1.33,0.88
Temple,TX,985,162,390,688,50,106,"409,683","59,971","163,873","33,415","6,998","2,228",5.71,3.24,2.26,1114,2.86,1.62,1.13,726,1.86,1.06,0.74,467,9.34,4.41,2.88,233,4.66,2.2,1.44,152,3.04,1.43,0.94
Terre Haute,IN,468,64,207,337,37,50,"140,148","28,559","56,059","11,736","2,539",782,3.78,2.32,1.67,391,1.89,1.16,0.84,255,1.23,0.76,0.54,169,4.57,3.38,2.64,85,2.3,1.7,1.33,55,1.49,1.1,0.86
Texarkana,AR,656,90,383,519,62,76,"198,305","43,677","79,322","16,731","3,652","1,115",2.91,2.15,1.7,558,1.46,1.08,0.85,364,0.95,0.7,0.55,243,3.92,3.2,2.7,122,1.97,1.61,1.36,79,1.27,1.04,0.88
Toledo,OH,"2,679",456,"1,122","1,900",179,317,"767,671","155,817","307,068","64,264","13,898","4,284",3.82,2.25,1.6,2142,1.91,1.13,0.8,1397,1.25,0.74,0.52,927,5.18,2.92,2.03,463,2.59,1.46,1.02,302,1.69,0.95,0.66
Topeka,KS,"1,304",112,594,949,49,80,"352,693","68,579","141,077","29,411","6,331","1,961",3.3,2.07,1.5,980,1.65,1.03,0.75,639,1.08,0.67,0.49,422,8.61,5.28,3.77,211,4.31,2.64,1.88,138,2.82,1.73,1.23
Traverse City,MI,756,26,293,525,7,17,"189,619","52,436","75,848","16,404","3,685","1,094",3.73,2.08,1.45,547,1.87,1.04,0.72,357,1.22,0.68,0.47,246,35.14,14.47,9.46,123,17.57,7.24,4.73,80,11.43,4.71,3.08
Tucson,AZ,"2,677",335,"1,184","1,930",161,248,"971,119","232,066","388,448","82,624","18,212","5,508",4.65,2.85,2.06,2754,2.33,1.43,1.03,1796,1.52,0.93,0.67,1214,7.54,4.9,3.62,607,3.77,2.45,1.81,396,2.46,1.6,1.18
Tulsa,OK,"4,185",486,"1,783","2,984",159,323,"1,070,712","213,442","428,285","89,485","19,314","5,966",3.35,2,1.43,2983,1.67,1,0.71,1945,1.09,0.65,0.46,1288,8.1,3.99,2.65,644,4.05,1.99,1.33,420,2.64,1.3,0.86
Tupelo,MS,"1,634",104,818,"1,226",61,83,"308,796","61,185","123,518","25,793","5,563","1,720",2.1,1.4,1.05,860,1.05,0.7,0.53,561,0.69,0.46,0.34,371,6.08,4.47,3.57,185,3.03,2.23,1.78,121,1.98,1.46,1.16
Tuscaloosa,AL,"1,066",143,297,681,37,90,"215,194","37,920","86,078","17,796","3,792","1,186",3.99,1.74,1.11,593,2,0.87,0.56,387,1.3,0.57,0.36,253,6.84,2.81,1.77,126,3.41,1.4,0.88,82,2.22,0.91,0.57
Tyler,TX,"1,338",224,527,932,127,176,"437,181","98,736","174,872","36,978","8,095","2,465",4.68,2.64,1.84,1233,2.34,1.32,0.92,804,1.53,0.86,0.6,540,4.25,3.07,2.41,270,2.13,1.53,1.21,176,1.39,1,0.79
Urbana,IL,"1,047",99,480,764,54,77,"361,763","69,031","144,705","30,117","6,470","2,008",4.18,2.63,1.92,1004,2.09,1.31,0.96,655,1.36,0.86,0.63,431,7.98,5.6,4.35,216,4,2.81,2.18,141,2.61,1.83,1.42
Ventura,CA,"1,087",163,278,682,94,128,"669,683","124,579","267,873","55,630","11,919","3,709",13.34,5.44,3.41,1854,6.67,2.72,1.71,1209,4.35,1.77,1.11,795,8.46,6.21,4.88,397,4.22,3.1,2.44,259,2.76,2.02,1.59
Victoria,TX,574,46,352,463,18,32,"115,052","25,536","46,021","9,714","2,122",648,1.84,1.4,1.13,324,0.92,0.7,0.56,211,0.6,0.46,0.37,141,7.83,4.41,3.07,71,3.94,2.22,1.54,46,2.56,1.44,1
Waco,TX,720,60,261,490,24,42,"264,389","54,218","105,756","22,154","4,796","1,477",5.66,3.01,2.05,738,2.83,1.51,1.03,482,1.85,0.98,0.67,320,13.33,7.62,5.33,160,6.67,3.81,2.67,104,4.33,2.48,1.73
Washington,DC,"5,055",601,"1,595","3,325",218,409,"2,179,021","378,878","871,608","180,003","38,304","12,000",7.52,3.61,2.37,6000,3.76,1.8,1.19,3913,2.45,1.18,0.77,2554,11.72,6.24,4.25,1277,5.86,3.12,2.12,833,3.82,2.04,1.39
Waterloo,IA,668,36,340,504,19,28,"167,837","36,303","67,135","14,135","3,079",942,2.77,1.87,1.41,471,1.39,0.93,0.71,307,0.9,0.61,0.46,205,10.79,7.32,5.69,103,5.42,3.68,2.86,67,3.53,2.39,1.86
Wausau,WI,403,72,152,278,45,59,"150,679","36,287","60,272","12,831","2,831",855,5.63,3.08,2.12,428,2.82,1.54,1.06,279,1.84,1,0.69,189,4.2,3.2,2.63,94,2.09,1.59,1.31,62,1.38,1.05,0.86
White Plains,NY,"2,973",243,597,"1,785",137,190,"896,882","178,478","358,753","74,945","16,173","4,996",8.37,2.8,1.68,2498,4.18,1.4,0.84,1629,2.73,0.91,0.55,1078,7.87,5.67,4.44,539,3.93,2.84,2.22,352,2.57,1.85,1.45
Wichita Falls,TX,516,24,298,407,8,16,"154,615","31,786","61,846","12,959","2,806",864,2.9,2.12,1.67,432,1.45,1.06,0.84,282,0.95,0.69,0.55,187,23.38,11.69,7.79,94,11.75,5.88,3.92,61,7.63,3.81,2.54
Wichita,KS,"4,590",442,"2,225","3,407",202,322,"951,715","198,669","380,686","79,880","17,329","5,325",2.39,1.56,1.16,2663,1.2,0.78,0.58,1737,0.78,0.51,0.38,1155,5.72,3.59,2.61,578,2.86,1.8,1.31,377,1.87,1.17,0.85
Wilkes-Barre,PA,651,102,263,457,24,63,"198,135","47,118","79,254","16,849","3,712","1,123",4.27,2.46,1.73,562,2.14,1.23,0.86,366,1.39,0.8,0.56,247,10.29,3.92,2.42,124,5.17,1.97,1.22,81,3.38,1.29,0.79
Wilmington,DE,"1,845",237,601,"1,223",62,149,"637,120","120,121","254,848","52,986","11,368","3,532",5.88,2.89,1.91,1766,2.94,1.44,0.96,1152,1.92,0.94,0.62,758,12.23,5.09,3.2,379,6.11,2.54,1.6,247,3.98,1.66,1.04
Wilmington,NC,"1,005",90,251,628,17,54,"385,088","91,585","154,035","32,747","7,214","2,183",8.7,3.48,2.17,1092,4.35,1.74,1.09,712,2.84,1.13,0.71,481,28.29,8.91,5.34,240,14.12,4.44,2.67,157,9.24,2.91,1.74
Winchester,VA,"1,051",84,357,704,22,53,"350,240","74,330","140,096","29,443","6,399","1,963",5.5,2.79,1.87,981,2.75,1.39,0.93,640,1.79,0.91,0.61,427,19.41,8.06,5.08,213,9.68,4.02,2.54,139,6.32,2.62,1.65
Winston-Salem,NC,"2,870",499,843,"1,857",40,269,"899,862","197,294","359,945","75,887","16,555","5,059",6,2.72,1.76,2530,3,1.36,0.88,1650,1.96,0.89,0.57,1104,27.6,4.1,2.21,552,13.8,2.05,1.11,360,9,1.34,0.72
Worcester,MA,"1,525",169,425,975,43,106,"652,386","122,123","260,954","54,222","11,625","3,615",8.51,3.71,2.37,1807,4.25,1.85,1.18,1179,2.77,1.21,0.77,775,18.02,7.31,4.59,388,9.02,3.66,2.3,253,5.88,2.39,1.5
Yakima,WA,369,58,200,285,33,45,"220,972","40,707","88,389","18,341","3,926","1,223",6.12,4.29,3.31,611,3.06,2.14,1.66,399,2,1.4,1.08,262,7.94,5.82,4.52,131,3.97,2.91,2.26,85,2.58,1.89,1.47
York,PA,868,79,267,567,8,43,"343,334","73,773","137,334","28,897","6,289","1,926",7.21,3.4,2.22,963,3.61,1.7,1.11,628,2.35,1.11,0.72,419,52.38,9.74,5.3,210,26.25,4.88,2.66,137,17.13,3.19,1.73
Youngstown,OH,"1,555",158,543,"1,049",66,112,"493,628","124,167","197,451","42,234","9,369","2,816",5.19,2.68,1.81,1408,2.59,1.34,0.91,918,1.69,0.88,0.59,625,9.47,5.58,3.96,312,4.73,2.79,1.97,204,3.09,1.82,1.29
