State,City,Percentage,Projected_Infected,Projected_Hospitalized,Projected_ICUed
OH,Akron,0.2,109598,22933,4959
CA,Alameda County,0.2,262038,53872,11400
GA,Albany,0.2,31429,6550,1410
NY,Albany,0.2,295545,62209,13545
NM,Albuquerque,0.2,267359,56108,12174
LA,Alexandria,0.2,44319,9266,2002
PA,Allentown,0.2,192114,40442,8807
PA,Altoona,0.2,46912,9986,2203
TX,Amarillo,0.2,66534,13806,2955
AK,Anchorage,0.2,110382,22385,4656
MI,Ann Arbor,0.2,223118,46365,9942
WI,Appleton,0.2,50909,10668,2310
VA,Arlington,0.2,381907,77695,16225
NC,Asheville,0.2,110626,23804,5316
GA,Atlanta,0.2,1005456,206224,43511
GA,Augusta,0.2,108048,22537,4854
IL,Aurora,0.2,49129,9981,2081
TX,Austin,0.2,304689,61851,12880
CA,Bakersfield,0.2,169423,34533,7229
MD,Baltimore,0.2,403001,83786,17976
ME,Bangor,0.2,63711,13585,3003
LA,Baton Rouge,0.2,149371,30795,6539
TX,Beaumont,0.2,71274,14884,3210
OR,Bend,0.2,37975,8114,1798
MT,Billings,0.2,95304,19964,4322
NY,Binghamton,0.2,57231,12148,2671
AL,Birmingham,0.2,354938,74366,16104
ND,Bismarck,0.2,36516,7675,1668
IL,Bloomington,0.2,32159,6603,1395
IL,Blue Island,0.2,134194,28052,6058
ID,Boise,0.2,140233,29208,6280
MA,Boston,0.2,804442,167702,36098
CO,Boulder,0.2,53497,10964,2311
FL,Bradenton,0.2,53276,11696,2671
CT,Bridgeport,0.2,107827,22428,4815
NY,Bronx,0.2,218948,44838,9442
TX,Bryan,0.2,46148,9381,1957
NY,Buffalo,0.2,218075,45891,9989
VT,Burlington,0.2,104544,21841,4714
NJ,Camden,0.2,441744,93226,20362
OH,Canton,0.2,99070,20988,4605
MO,Cape Girardeau,0.2,40580,8570,1873
WY,Casper,0.2,30577,6416,1392
IA,Cedar Rapids,0.2,46974,9841,2131
SC,Charleston,0.2,182881,38477,8374
WV,Charleston,0.2,130042,27667,6100
NC,Charlotte,0.2,404848,83639,17806
VA,Charlottesville,0.2,95560,20069,4358
TN,Chattanooga,0.2,113498,23870,5192
IL,Chicago,0.2,409014,83532,17529
CA,Chico,0.2,47976,10140,2219
OH,Cincinnati,0.2,258687,53815,11554
FL,Clearwater,0.2,86964,19023,4327
OH,Cleveland,0.2,320579,67629,14764
CO,Colorado Springs,0.2,134670,27866,5944
MO,Columbia,0.2,111585,23401,5073
SC,Columbia,0.2,195133,40678,8756
GA,Columbus,0.2,56163,11587,2463
OH,Columbus,0.2,481147,99801,21352
CA,Contra Costa County,0.2,168922,35118,7534
TX,Corpus Christi,0.2,87990,18296,3926
KY,Covington,0.2,65408,13511,2876
TX,Dallas,0.2,783766,159993,33556
PA,Danville,0.2,96285,20190,4376
IA,Davenport,0.2,75912,16060,3518
OH,Dayton,0.2,165142,34743,7560
MI,Dearborn,0.2,76517,15975,3445
CO,Denver,0.2,476071,97671,20614
IA,Des Moines,0.2,173957,36257,7802
MI,Detroit,0.2,263105,54830,11797
AL,Dothan,0.2,58019,12270,2687
IA,Dubuque,0.2,25156,5318,1164
MN,Duluth,0.2,54894,11638,2555
NC,Durham,0.2,219450,45967,9951
NY,East Long Island,0.2,762250,159104,34299
TX,El Paso,0.2,167836,34665,7378
IL,Elgin,0.2,122119,25118,5318
NY,Elmira,0.2,51014,10803,2369
OH,Elyria,0.2,40052,8447,1843
PA,Erie,0.2,112228,23795,5225
OR,Eugene,0.2,120714,25615,5630
IL,Evanston,0.2,142392,30146,6609
IN,Evansville,0.2,105789,22292,4860
WA,Everett,0.2,108481,22603,4862
ND,Fargo/Moorhead MN,0.2,86416,18134,3934
MI,Flint,0.2,85296,17904,3885
SC,Florence,0.2,57572,12132,2645
CO,Fort Collins,0.2,57599,11841,2506
FL,Fort Lauderdale,0.2,479323,102839,22893
FL,Fort Myers,0.2,215804,48103,11163
AR,Fort Smith,0.2,56394,11901,2599
IN,Fort Wayne,0.2,130276,27269,5898
TX,Fort Worth,0.2,352858,72324,15247
CA,Fresno,0.2,183629,37675,7952
FL,Gainesville,0.2,92808,19473,4224
IN,Gary,0.2,78433,16441,3562
ND,Grand Forks,0.2,26017,5433,1172
CO,Grand Junction,0.2,54104,11364,2468
MI,Grand Rapids,0.2,186783,38745,8289
MT,Great Falls,0.2,22984,4853,1061
CO,Greeley,0.2,58853,12238,2626
WI,Green Bay,0.2,80591,16986,3704
NC,Greensboro,0.2,101145,21128,4559
NC,Greenville,0.2,135862,28406,6136
SC,Greenville,0.2,148724,31175,6755
MS,Gulfport,0.2,31934,6610,1411
NJ,Hackensack,0.2,209774,43658,9379
TX,Harlingen,0.2,83727,17353,3709
PA,Harrisburg,0.2,165082,34846,7613
CT,Hartford,0.2,239267,50125,10853
MS,Hattiesburg,0.2,48084,10011,2152
NC,Hickory,0.2,45854,9688,2119
IL,Hinsdale,0.2,77147,15947,3397
HI,Honolulu,0.2,222805,46857,10192
LA,Houma,0.2,41235,8556,1831
TX,Houston,0.2,1055738,215206,45055
FL,Hudson,0.2,70246,15489,3553
WV,Huntington,0.2,55268,11704,2567
AL,Huntsville,0.2,101231,21137,4558
ID,Idaho Falls,0.2,33971,6995,1483
IN,Indianapolis,0.2,449879,93321,19966
IA,Iowa City,0.2,55844,11618,2494
MS,Jackson,0.2,158567,33022,7099
TN,Jackson,0.2,51220,10842,2376
FL,Jacksonville,0.2,268024,55761,11973
TN,Johnson City,0.2,47104,9926,2164
PA,Johnstown,0.2,34163,7351,1642
IL,Joliet,0.2,103362,21359,4549
AR,Jonesboro,0.2,37194,7799,1690
MO,Joplin,0.2,56560,11959,2618
MI,Kalamazoo,0.2,104039,21762,4703
MO,Kansas City,0.2,390180,81017,17355
OH,Kettering,0.2,66856,14093,3074
TN,Kingsport,0.2,75170,16067,3562
TN,Knoxville,0.2,221612,46870,10263
WI,La Crosse,0.2,55918,11779,2567
IN,Lafayette,0.2,39907,8187,1728
LA,Lafayette,0.2,95512,19778,4223
LA,Lake Charles,0.2,42121,8724,1863
FL,Lakeland,0.2,63477,13450,2951
PA,Lancaster,0.2,105743,22229,4833
MI,Lansing,0.2,112327,23297,4984
NV,Las Vegas,0.2,340999,70902,15213
OK,Lawton,0.2,30549,6344,1359
NH,Lebanon,0.2,64100,13657,3016
KY,Lexington,0.2,238568,49724,10700
NE,Lincoln,0.2,91801,19228,4162
AR,Little Rock,0.2,242496,50992,11090
TX,Longview,0.2,32263,6764,1466
CA,Los Angeles,0.2,1574832,323312,68296
KY,Louisville,0.2,277148,57822,12458
TX,Lubbock,0.2,109292,22513,4776
VA,Lynchburg,0.2,43469,9206,2019
GA,Macon,0.2,113738,23724,5110
WI,Madison,0.2,177386,36850,7898
NH,Manchester,0.2,142936,29886,6456
NY,Manhattan,0.2,834687,172372,36678
MI,Marquette,0.2,31856,6802,1506
WI,Marshfield,0.2,59116,12577,2773
IA,Mason City,0.2,20065,4322,967
TX,McAllen,0.2,97316,19897,4181
OR,Medford,0.2,70231,15160,3398
IL,Melrose Park,0.2,206302,42716,9119
TN,Memphis,0.2,273240,56595,12087
MS,Meridian,0.2,29612,6241,1361
AZ,Mesa,0.2,227124,47196,10119
LA,Metairie,0.2,73269,15369,3333
FL,Miami,0.2,548296,114178,24544
WI,Milwaukee,0.2,415841,86242,18447
MN,Minneapolis,0.2,514071,106761,22874
ND,Minot,0.2,22487,4639,986
MT,Missoula,0.2,63018,13385,2946
AL,Mobile,0.2,129791,27230,5906
CA,Modesto,0.2,136195,28149,5996
LA,Monroe,0.2,40957,8562,1849
AL,Montgomery,0.2,72173,15005,3219
WV,Morgantown,0.2,65858,13819,2998
NJ,Morristown,0.2,159028,33210,7163
IN,Muncie,0.2,25761,5420,1180
IN,Munster,0.2,47969,9974,2140
MI,Muskegon,0.2,41901,8829,1925
CA,Napa,0.2,43701,9322,2062
TN,Nashville,0.2,456532,94550,20190
WI,Neenah,0.2,38373,8049,1745
NJ,New Brunswick,0.2,169078,35039,7488
CT,New Haven,0.2,235414,49366,10701
LA,New Orleans,0.2,110865,22813,4833
NJ,Newark,0.2,246708,50638,10694
VA,Newport News,0.2,89485,18700,4037
VA,Norfolk,0.2,204700,42203,8962
FL,Ocala,0.2,89958,20608,4918
TX,Odessa,0.2,56751,11603,2438
UT,Ogden,0.2,71200,14514,3039
OK,Oklahoma City,0.2,298297,61978,13287
WA,Olympia,0.2,64031,13515,2952
NE,Omaha,0.2,202199,42124,9060
CA,Orange County,0.2,532512,109845,23341
FL,Orlando,0.2,626187,132544,29051
FL,Ormond Beach,0.2,67776,14945,3429
KY,Owensboro,0.2,22408,4731,1034
MS,Oxford,0.2,23371,4858,1042
KY,Paducah,0.2,58045,12367,2731
CA,Palm Springs/Rancho Mira,0.2,61195,13419,3060
NJ,Paterson,0.2,62155,12951,2786
FL,Pensacola,0.2,127371,26680,5776
IL,Peoria,0.2,93814,19840,4344
MI,Petoskey,0.2,28525,6138,1371
PA,Philadelphia,0.2,666275,138601,29757
AZ,Phoenix,0.2,552218,115042,24742
PA,Pittsburgh,0.2,464834,98616,21672
MI,Pontiac,0.2,75387,15672,3362
ME,Portland,0.2,175246,36992,8082
OR,Portland,0.2,443118,92039,19724
RI,Providence,0.2,197340,41157,8863
UT,Provo,0.2,87395,17604,3630
CO,Pueblo,0.2,27710,5881,1293
NC,Raleigh,0.2,334009,68631,14513
SD,Rapid City,0.2,34718,7307,1591
PA,Reading,0.2,93383,19638,4272
CA,Redding,0.2,55236,11722,2577
NV,Reno,0.2,121191,25454,5528
VA,Richmond,0.2,281815,58564,12558
NJ,Ridgewood,0.2,67746,14117,3037
VA,Roanoke,0.2,113948,24080,5268
MN,Rochester,0.2,64073,13533,2959
NY,Rochester,0.2,207300,43408,9393
IL,Rockford,0.2,110426,23224,5052
GA,Rome,0.2,44384,9301,2015
MI,Royal Oak,0.2,111240,23368,5076
CA,Sacramento,0.2,415328,86570,18631
MI,Saginaw,0.2,97965,20974,4658
OR,Salem,0.2,51032,10663,2302
CA,Salinas,0.2,60649,12508,2657
MD,Salisbury,0.2,74303,16022,3587
UT,Salt Lake City,0.2,310537,63747,13464
TX,San Angelo,0.2,25217,5287,1146
TX,San Antonio,0.2,438353,90434,19219
CA,San Bernardino,0.2,481378,98434,20690
CA,San Diego,0.2,601113,123656,26186
CA,San Francisco,0.2,254551,52856,11323
CA,San Jose,0.2,291321,59808,12634
CA,San Luis Obispo,0.2,42741,9013,1967
CA,San Mateo County,0.2,133375,27777,5972
CA,Santa Barbara,0.2,71966,14949,3204
CA,Santa Cruz,0.2,45883,9470,2014
CA,Santa Rosa,0.2,80577,16990,3707
FL,Sarasota,0.2,74992,17228,4122
GA,Savannah,0.2,140385,29327,6328
PA,Sayre,0.2,30618,6520,1439
PA,Scranton,0.2,50763,10851,2405
WA,Seattle,0.2,484243,100009,21282
LA,Shreveport,0.2,106201,22254,4820
IA,Sioux City,0.2,39137,8226,1788
SD,Sioux Falls,0.2,120713,25397,5527
LA,Slidell,0.2,29898,6301,1374
IN,South Bend,0.2,107908,22556,4871
SC,Spartanburg,0.2,60198,12660,2754
WA,Spokane,0.2,242112,50782,11011
AR,Springdale,0.2,87514,18103,3860
IL,Springfield,0.2,127493,26999,5921
MA,Springfield,0.2,120061,25150,5445
MO,Springfield,0.2,137692,29331,6476
MN,St. Cloud,0.2,40618,8452,1815
MI,St. Joseph,0.2,22047,4684,1031
MO,St. Louis,0.2,533299,111438,24055
MN,St. Paul,0.2,171307,35367,7523
FL,St. Petersburg,0.2,70978,15209,3381
CA,Stockton,0.2,92996,19135,4054
AZ,Sun City,0.2,47501,11012,2658
NY,Syracuse,0.2,166582,34802,7511
WA,Tacoma,0.2,128450,26484,5624
MD,Takoma Park,0.2,157928,32340,6810
FL,Tallahassee,0.2,133797,27678,5902
FL,Tampa,0.2,234053,48616,10418
TX,Temple,0.2,81937,16707,3499
IN,Terre Haute,0.2,28030,5868,1270
AR,Texarkana,0.2,39661,8365,1826
OH,Toledo,0.2,153534,32132,6949
KS,Topeka,0.2,70539,14705,3165
MI,Traverse City,0.2,37924,8202,1842
AZ,Tucson,0.2,194224,41312,9106
OK,Tulsa,0.2,214142,44742,9657
MS,Tupelo,0.2,61759,12897,2782
AL,Tuscaloosa,0.2,43039,8898,1896
TX,Tyler,0.2,87436,18489,4048
IL,Urbana,0.2,72353,15059,3235
CA,Ventura,0.2,133937,27815,5959
TX,Victoria,0.2,23010,4857,1061
TX,Waco,0.2,52878,11077,2398
DC,Washington,0.2,435804,90001,19152
IA,Waterloo,0.2,33567,7067,1539
WI,Wausau,0.2,30136,6415,1415
NY,White Plains,0.2,179376,37473,8086
TX,Wichita Falls,0.2,30923,6479,1403
KS,Wichita,0.2,190343,39940,8664
PA,Wilkes-Barre,0.2,39627,8424,1856
DE,Wilmington,0.2,127424,26493,5684
NC,Wilmington,0.2,77018,16374,3607
VA,Winchester,0.2,70048,14721,3200
NC,Winston-Salem,0.2,179972,37943,8278
MA,Worcester,0.2,130477,27111,5812
WA,Yakima,0.2,44194,9170,1963
PA,York,0.2,68667,14448,3145
OH,Youngstown,0.2,98726,21117,4685
OH,Akron,0.4,219196,45867,9917
CA,Alameda County,0.4,524076,107744,22800
GA,Albany,0.4,62857,13101,2819
NY,Albany,0.4,591089,124417,27091
NM,Albuquerque,0.4,534718,112216,24348
LA,Alexandria,0.4,88639,18533,4003
PA,Allentown,0.4,384229,80884,17614
PA,Altoona,0.4,93824,19973,4407
TX,Amarillo,0.4,133068,27611,5910
AK,Anchorage,0.4,220765,44770,9311
MI,Ann Arbor,0.4,446236,92731,19883
WI,Appleton,0.4,101818,21336,4621
VA,Arlington,0.4,763815,155390,32450
NC,Asheville,0.4,221252,47608,10633
GA,Atlanta,0.4,2010912,412448,87022
GA,Augusta,0.4,216097,45074,9708
IL,Aurora,0.4,98258,19962,4161
TX,Austin,0.4,609378,123702,25761
CA,Bakersfield,0.4,338846,69066,14458
MD,Baltimore,0.4,806001,167571,35951
ME,Bangor,0.4,127422,27171,6006
LA,Baton Rouge,0.4,298742,61590,13078
TX,Beaumont,0.4,142549,29768,6421
OR,Bend,0.4,75950,16228,3596
MT,Billings,0.4,190608,39928,8644
NY,Binghamton,0.4,114462,24295,5342
AL,Birmingham,0.4,709876,148732,32208
ND,Bismarck,0.4,73032,15351,3337
IL,Bloomington,0.4,64318,13206,2790
IL,Blue Island,0.4,268387,56104,12116
ID,Boise,0.4,280466,58417,12561
MA,Boston,0.4,1608883,335404,72196
CO,Boulder,0.4,106995,21929,4622
FL,Bradenton,0.4,106551,23393,5342
CT,Bridgeport,0.4,215653,44857,9629
NY,Bronx,0.4,437896,89677,18884
TX,Bryan,0.4,92296,18763,3914
NY,Buffalo,0.4,436149,91781,19978
VT,Burlington,0.4,209088,43683,9427
NJ,Camden,0.4,883488,186453,40724
OH,Canton,0.4,198140,41976,9209
MO,Cape Girardeau,0.4,81159,17139,3746
WY,Casper,0.4,61154,12833,2784
IA,Cedar Rapids,0.4,93949,19683,4262
SC,Charleston,0.4,365763,76955,16748
WV,Charleston,0.4,260084,55335,12200
NC,Charlotte,0.4,809695,167278,35612
VA,Charlottesville,0.4,191121,40138,8716
TN,Chattanooga,0.4,226996,47740,10385
IL,Chicago,0.4,818029,167064,35059
CA,Chico,0.4,95953,20281,4438
OH,Cincinnati,0.4,517374,107630,23109
FL,Clearwater,0.4,173928,38046,8654
OH,Cleveland,0.4,641158,135258,29529
CO,Colorado Springs,0.4,269340,55732,11888
MO,Columbia,0.4,223170,46803,10147
SC,Columbia,0.4,390266,81357,17511
GA,Columbus,0.4,112326,23174,4925
OH,Columbus,0.4,962295,199603,42703
CA,Contra Costa County,0.4,337843,70236,15068
TX,Corpus Christi,0.4,175980,36592,7852
KY,Covington,0.4,130816,27022,5752
TX,Dallas,0.4,1567532,319987,67112
PA,Danville,0.4,192569,40380,8753
IA,Davenport,0.4,151825,32121,7036
OH,Dayton,0.4,330285,69486,15121
MI,Dearborn,0.4,153034,31951,6890
CO,Denver,0.4,952141,195341,41229
IA,Des Moines,0.4,347914,72515,15605
MI,Detroit,0.4,526211,109661,23595
AL,Dothan,0.4,116038,24540,5373
IA,Dubuque,0.4,50312,10635,2327
MN,Duluth,0.4,109788,23276,5111
NC,Durham,0.4,438901,91935,19903
NY,East Long Island,0.4,1524500,318208,68597
TX,El Paso,0.4,335673,69330,14755
IL,Elgin,0.4,244239,50236,10637
NY,Elmira,0.4,102028,21605,4738
OH,Elyria,0.4,80104,16893,3687
PA,Erie,0.4,224455,47589,10451
OR,Eugene,0.4,241429,51230,11261
IL,Evanston,0.4,284784,60292,13218
IN,Evansville,0.4,211578,44583,9720
WA,Everett,0.4,216962,45206,9724
ND,Fargo/Moorhead MN,0.4,172832,36269,7869
MI,Flint,0.4,170592,35807,7771
SC,Florence,0.4,115145,24264,5290
CO,Fort Collins,0.4,115198,23682,5011
FL,Fort Lauderdale,0.4,958646,205679,45787
FL,Fort Myers,0.4,431609,96207,22327
AR,Fort Smith,0.4,112788,23802,5198
IN,Fort Wayne,0.4,260552,54538,11797
TX,Fort Worth,0.4,705717,144648,30493
CA,Fresno,0.4,367258,75351,15905
FL,Gainesville,0.4,185615,38946,8448
IN,Gary,0.4,156867,32882,7125
ND,Grand Forks,0.4,52034,10867,2344
CO,Grand Junction,0.4,108208,22728,4937
MI,Grand Rapids,0.4,373565,77489,16579
MT,Great Falls,0.4,45969,9706,2121
CO,Greeley,0.4,117707,24477,5253
WI,Green Bay,0.4,161181,33972,7409
NC,Greensboro,0.4,202291,42256,9118
NC,Greenville,0.4,271724,56812,12272
SC,Greenville,0.4,297448,62349,13509
MS,Gulfport,0.4,63868,13220,2821
NJ,Hackensack,0.4,419547,87317,18757
TX,Harlingen,0.4,167453,34706,7418
PA,Harrisburg,0.4,330163,69693,15226
CT,Hartford,0.4,478535,100251,21706
MS,Hattiesburg,0.4,96168,20023,4303
NC,Hickory,0.4,91707,19376,4238
IL,Hinsdale,0.4,154293,31894,6795
HI,Honolulu,0.4,445609,93714,20385
LA,Houma,0.4,82470,17112,3662
TX,Houston,0.4,2111476,430413,90110
FL,Hudson,0.4,140491,30977,7107
WV,Huntington,0.4,110536,23409,5134
AL,Huntsville,0.4,202462,42274,9117
ID,Idaho Falls,0.4,67942,13990,2966
IN,Indianapolis,0.4,899758,186642,39933
IA,Iowa City,0.4,111687,23235,4989
MS,Jackson,0.4,317134,66045,14198
TN,Jackson,0.4,102440,21683,4752
FL,Jacksonville,0.4,536047,111522,23946
TN,Johnson City,0.4,94209,19853,4329
PA,Johnstown,0.4,68326,14702,3283
IL,Joliet,0.4,206725,42719,9097
AR,Jonesboro,0.4,74388,15597,3381
MO,Joplin,0.4,113119,23918,5236
MI,Kalamazoo,0.4,208078,43524,9407
MO,Kansas City,0.4,780361,162034,34710
OH,Kettering,0.4,133712,28187,6148
TN,Kingsport,0.4,150341,32135,7123
TN,Knoxville,0.4,443223,93740,20526
WI,La Crosse,0.4,111836,23557,5134
IN,Lafayette,0.4,79814,16374,3456
LA,Lafayette,0.4,191024,39556,8445
LA,Lake Charles,0.4,84242,17447,3726
FL,Lakeland,0.4,126954,26900,5903
PA,Lancaster,0.4,211486,44458,9665
MI,Lansing,0.4,224654,46594,9967
NV,Las Vegas,0.4,681998,141803,30426
OK,Lawton,0.4,61098,12689,2719
NH,Lebanon,0.4,128200,27314,6032
KY,Lexington,0.4,477137,99447,21400
NE,Lincoln,0.4,183602,38455,8324
AR,Little Rock,0.4,484993,101985,22180
TX,Longview,0.4,64526,13528,2932
CA,Los Angeles,0.4,3149665,646624,136592
KY,Louisville,0.4,554296,115643,24915
TX,Lubbock,0.4,218584,45026,9551
VA,Lynchburg,0.4,86938,18413,4038
GA,Macon,0.4,227476,47447,10220
WI,Madison,0.4,354773,73700,15797
NH,Manchester,0.4,285872,59772,12912
NY,Manhattan,0.4,1669375,344744,73357
MI,Marquette,0.4,63711,13603,3011
WI,Marshfield,0.4,118233,25154,5546
IA,Mason City,0.4,40130,8644,1933
TX,McAllen,0.4,194632,39793,8363
OR,Medford,0.4,140462,30319,6796
IL,Melrose Park,0.4,412604,85433,18238
TN,Memphis,0.4,546479,113191,24174
MS,Meridian,0.4,59224,12481,2722
AZ,Mesa,0.4,454248,94391,20238
LA,Metairie,0.4,146538,30738,6666
FL,Miami,0.4,1096592,228356,49088
WI,Milwaukee,0.4,831682,172484,36894
MN,Minneapolis,0.4,1028142,213521,45749
ND,Minot,0.4,44974,9279,1972
MT,Missoula,0.4,126036,26770,5891
AL,Mobile,0.4,259583,54459,11812
CA,Modesto,0.4,272390,56297,11991
LA,Monroe,0.4,81915,17125,3698
AL,Montgomery,0.4,144345,30010,6439
WV,Morgantown,0.4,131715,27639,5996
NJ,Morristown,0.4,318057,66420,14327
IN,Muncie,0.4,51521,10840,2359
IN,Munster,0.4,95937,19947,4280
MI,Muskegon,0.4,83803,17657,3849
CA,Napa,0.4,87401,18644,4123
TN,Nashville,0.4,913065,189100,40380
WI,Neenah,0.4,76745,16098,3491
NJ,New Brunswick,0.4,338157,70078,14976
CT,New Haven,0.4,470829,98733,21403
LA,New Orleans,0.4,221730,45626,9666
NJ,Newark,0.4,493416,101276,21388
VA,Newport News,0.4,178970,37401,8074
VA,Norfolk,0.4,409400,84405,17923
FL,Ocala,0.4,179917,41216,9835
TX,Odessa,0.4,113501,23206,4877
UT,Ogden,0.4,142400,29028,6078
OK,Oklahoma City,0.4,596594,123956,26574
WA,Olympia,0.4,128062,27031,5905
NE,Omaha,0.4,404398,84248,18120
CA,Orange County,0.4,1065024,219689,46681
FL,Orlando,0.4,1252374,265089,58101
FL,Ormond Beach,0.4,135552,29890,6858
KY,Owensboro,0.4,44815,9461,2067
MS,Oxford,0.4,46742,9716,2084
KY,Paducah,0.4,116091,24733,5462
CA,Palm Springs/Rancho Mira,0.4,122390,26838,6121
NJ,Paterson,0.4,124310,25902,5572
FL,Pensacola,0.4,254742,53360,11552
IL,Peoria,0.4,187628,39681,8688
MI,Petoskey,0.4,57051,12277,2742
PA,Philadelphia,0.4,1332550,277202,59513
AZ,Phoenix,0.4,1104436,230084,49485
PA,Pittsburgh,0.4,929669,197232,43344
MI,Pontiac,0.4,150774,31344,6724
ME,Portland,0.4,350492,73985,16164
OR,Portland,0.4,886236,184078,39447
RI,Providence,0.4,394681,82313,17727
UT,Provo,0.4,174790,35208,7259
CO,Pueblo,0.4,55420,11763,2586
NC,Raleigh,0.4,668017,137262,29026
SD,Rapid City,0.4,69436,14614,3181
PA,Reading,0.4,186767,39277,8543
CA,Redding,0.4,110472,23444,5154
NV,Reno,0.4,242381,50907,11056
VA,Richmond,0.4,563630,117129,25116
NJ,Ridgewood,0.4,135493,28235,6074
VA,Roanoke,0.4,227896,48160,10536
MN,Rochester,0.4,128147,27066,5917
NY,Rochester,0.4,414600,86815,18787
IL,Rockford,0.4,220852,46447,10103
GA,Rome,0.4,88768,18603,4030
MI,Royal Oak,0.4,222479,46736,10153
CA,Sacramento,0.4,830656,173140,37261
MI,Saginaw,0.4,195930,41948,9316
OR,Salem,0.4,102064,21326,4603
CA,Salinas,0.4,121299,25017,5315
MD,Salisbury,0.4,148605,32045,7174
UT,Salt Lake City,0.4,621075,127494,26929
TX,San Angelo,0.4,50434,10574,2292
TX,San Antonio,0.4,876706,180868,38439
CA,San Bernardino,0.4,962756,196869,41379
CA,San Diego,0.4,1202227,247312,52373
CA,San Francisco,0.4,509101,105712,22645
CA,San Jose,0.4,582643,119616,25267
CA,San Luis Obispo,0.4,85481,18026,3934
CA,San Mateo County,0.4,266750,55554,11944
CA,Santa Barbara,0.4,143931,29899,6408
CA,Santa Cruz,0.4,91765,18940,4027
CA,Santa Rosa,0.4,161154,33980,7414
FL,Sarasota,0.4,149984,34455,8244
GA,Savannah,0.4,280769,58653,12657
PA,Sayre,0.4,61236,13040,2878
PA,Scranton,0.4,101527,21701,4810
WA,Seattle,0.4,968487,200017,42565
LA,Shreveport,0.4,212401,44508,9640
IA,Sioux City,0.4,78274,16451,3576
SD,Sioux Falls,0.4,241425,50794,11054
LA,Slidell,0.4,59797,12602,2748
IN,South Bend,0.4,215816,45112,9742
SC,Spartanburg,0.4,120396,25321,5508
WA,Spokane,0.4,484224,101564,22022
AR,Springdale,0.4,175029,36206,7720
IL,Springfield,0.4,254985,53997,11841
MA,Springfield,0.4,240122,50300,10890
MO,Springfield,0.4,275385,58662,12952
MN,St. Cloud,0.4,81236,16905,3631
MI,St. Joseph,0.4,44094,9368,2062
MO,St. Louis,0.4,1066599,222875,48109
MN,St. Paul,0.4,342614,70734,15046
FL,St. Petersburg,0.4,141956,30417,6761
CA,Stockton,0.4,185992,38271,8107
AZ,Sun City,0.4,95001,22023,5317
NY,Syracuse,0.4,333163,69604,15021
WA,Tacoma,0.4,256900,52969,11249
MD,Takoma Park,0.4,315856,64680,13620
FL,Tallahassee,0.4,267594,55355,11804
FL,Tampa,0.4,468106,97231,20837
TX,Temple,0.4,163873,33415,6998
IN,Terre Haute,0.4,56059,11736,2539
AR,Texarkana,0.4,79322,16731,3652
OH,Toledo,0.4,307068,64264,13898
KS,Topeka,0.4,141077,29411,6331
MI,Traverse City,0.4,75848,16404,3685
AZ,Tucson,0.4,388448,82624,18212
OK,Tulsa,0.4,428285,89485,19314
MS,Tupelo,0.4,123518,25793,5563
AL,Tuscaloosa,0.4,86078,17796,3792
TX,Tyler,0.4,174872,36978,8095
IL,Urbana,0.4,144705,30117,6470
CA,Ventura,0.4,267873,55630,11919
TX,Victoria,0.4,46021,9714,2122
TX,Waco,0.4,105756,22154,4796
DC,Washington,0.4,871608,180003,38304
IA,Waterloo,0.4,67135,14135,3079
WI,Wausau,0.4,60272,12831,2831
NY,White Plains,0.4,358753,74945,16173
TX,Wichita Falls,0.4,61846,12959,2806
KS,Wichita,0.4,380686,79880,17329
PA,Wilkes-Barre,0.4,79254,16849,3712
DE,Wilmington,0.4,254848,52986,11368
NC,Wilmington,0.4,154035,32747,7214
VA,Winchester,0.4,140096,29443,6399
NC,Winston-Salem,0.4,359945,75887,16555
MA,Worcester,0.4,260954,54222,11625
WA,Yakima,0.4,88389,18341,3926
PA,York,0.4,137334,28897,6289
OH,Youngstown,0.4,197451,42234,9369
OH,Akron,0.6,328794,68800,14876
CA,Alameda County,0.6,786113,161616,34200
GA,Albany,0.6,94286,19651,4229
NY,Albany,0.6,886634,186626,40636
NM,Albuquerque,0.6,802077,168324,36521
LA,Alexandria,0.6,132958,27800,6005
PA,Allentown,0.6,576343,121326,26421
PA,Altoona,0.6,140736,29959,6610
TX,Amarillo,0.6,199603,41417,8864
AK,Anchorage,0.6,331147,67155,13967
MI,Ann Arbor,0.6,669353,139096,29825
WI,Appleton,0.6,152728,32004,6931
VA,Arlington,0.6,1145722,233085,48674
NC,Asheville,0.6,331879,71412,15949
GA,Atlanta,0.6,3016369,618672,130533
GA,Augusta,0.6,324145,67610,14563
IL,Aurora,0.6,147386,29943,6242
TX,Austin,0.6,914068,185553,38641
CA,Bakersfield,0.6,508269,103600,21687
MD,Baltimore,0.6,1209002,251357,53927
ME,Bangor,0.6,191132,40756,9009
LA,Baton Rouge,0.6,448114,92385,19617
TX,Beaumont,0.6,213823,44652,9631
OR,Bend,0.6,113926,24342,5393
MT,Billings,0.6,285912,59891,12966
NY,Binghamton,0.6,171692,36443,8013
AL,Birmingham,0.6,1064814,223097,48312
ND,Bismarck,0.6,109549,23027,5006
IL,Bloomington,0.6,96478,19809,4185
IL,Blue Island,0.6,402581,84156,18174
ID,Boise,0.6,420700,87625,18841
MA,Boston,0.6,2413325,503107,108294
CO,Boulder,0.6,160492,32893,6933
FL,Bradenton,0.6,159827,35089,8013
CT,Bridgeport,0.6,323480,67285,14444
NY,Bronx,0.6,656845,134516,28327
TX,Bryan,0.6,138445,28144,5872
NY,Buffalo,0.6,654224,137671,29968
VT,Burlington,0.6,313632,65524,14141
NJ,Camden,0.6,1325233,279679,61086
OH,Canton,0.6,297209,62964,13814
MO,Cape Girardeau,0.6,121739,25709,5619
WY,Casper,0.6,91730,19249,4176
IA,Cedar Rapids,0.6,140923,29524,6393
SC,Charleston,0.6,548644,115432,25121
WV,Charleston,0.6,390125,83002,18300
NC,Charlotte,0.6,1214543,250918,53418
VA,Charlottesville,0.6,286681,60207,13074
TN,Chattanooga,0.6,340494,71611,15577
IL,Chicago,0.6,1227043,250595,52588
CA,Chico,0.6,143929,30421,6656
OH,Cincinnati,0.6,776062,161446,34663
FL,Clearwater,0.6,260893,57070,12981
OH,Cleveland,0.6,961738,202887,44293
CO,Colorado Springs,0.6,404010,83598,17832
MO,Columbia,0.6,334754,70204,15220
SC,Columbia,0.6,585399,122035,26267
GA,Columbus,0.6,168489,34762,7388
OH,Columbus,0.6,1443442,299404,64055
CA,Contra Costa County,0.6,506765,105354,22602
TX,Corpus Christi,0.6,263971,54889,11778
KY,Covington,0.6,196224,40533,8628
TX,Dallas,0.6,2351298,479980,100668
PA,Danville,0.6,288854,60570,13129
IA,Davenport,0.6,227737,48181,10554
OH,Dayton,0.6,495427,104229,22681
MI,Dearborn,0.6,229552,47926,10335
CO,Denver,0.6,1428212,293012,61843
IA,Des Moines,0.6,521871,108772,23407
MI,Detroit,0.6,789316,164491,35392
AL,Dothan,0.6,174058,36811,8060
IA,Dubuque,0.6,75467,15953,3491
MN,Duluth,0.6,164683,34914,7666
NC,Durham,0.6,658351,137903,29854
NY,East Long Island,0.6,2286749,477312,102896
TX,El Paso,0.6,503509,103995,22133
IL,Elgin,0.6,366358,75354,15955
NY,Elmira,0.6,153041,32407,7106
OH,Elyria,0.6,120157,25340,5530
PA,Erie,0.6,336683,71384,15676
OR,Eugene,0.6,362143,76845,16891
IL,Evanston,0.6,427177,90438,19826
IN,Evansville,0.6,317367,66875,14580
WA,Everett,0.6,325442,67808,14586
ND,Fargo/Moorhead MN,0.6,259248,54403,11803
MI,Flint,0.6,255888,53711,11656
SC,Florence,0.6,172717,36397,7936
CO,Fort Collins,0.6,172797,35523,7517
FL,Fort Lauderdale,0.6,1437968,308518,68680
FL,Fort Myers,0.6,647413,144310,33490
AR,Fort Smith,0.6,169183,35703,7798
IN,Fort Wayne,0.6,390827,81806,17695
TX,Fort Worth,0.6,1058575,216972,45740
CA,Fresno,0.6,550887,113026,23857
FL,Gainesville,0.6,278423,58420,12673
IN,Gary,0.6,235300,49323,10687
ND,Grand Forks,0.6,78050,16300,3516
CO,Grand Junction,0.6,162311,34092,7405
MI,Grand Rapids,0.6,560348,116234,24868
MT,Great Falls,0.6,68953,14559,3182
CO,Greeley,0.6,176560,36715,7879
WI,Green Bay,0.6,241772,50958,11113
NC,Greensboro,0.6,303436,63384,13676
NC,Greenville,0.6,407585,85218,18408
SC,Greenville,0.6,446171,93524,20264
MS,Gulfport,0.6,95803,19830,4232
NJ,Hackensack,0.6,629321,130975,28136
TX,Harlingen,0.6,251180,52060,11127
PA,Harrisburg,0.6,495245,104539,22838
CT,Hartford,0.6,717802,150376,32560
MS,Hattiesburg,0.6,144251,30034,6455
NC,Hickory,0.6,137561,29064,6357
IL,Hinsdale,0.6,231440,47841,10192
HI,Honolulu,0.6,668414,140572,30577
LA,Houma,0.6,123706,25668,5493
TX,Houston,0.6,3167213,645619,135164
FL,Hudson,0.6,210737,46466,10660
WV,Huntington,0.6,165804,35113,7700
AL,Huntsville,0.6,303693,63410,13675
ID,Idaho Falls,0.6,101914,20985,4449
IN,Indianapolis,0.6,1349636,279963,59899
IA,Iowa City,0.6,167531,34853,7483
MS,Jackson,0.6,475700,99067,21298
TN,Jackson,0.6,153660,32525,7129
FL,Jacksonville,0.6,804071,167284,35919
TN,Johnson City,0.6,141313,29779,6493
PA,Johnstown,0.6,102490,22053,4925
IL,Joliet,0.6,310087,64078,13646
AR,Jonesboro,0.6,111581,23396,5071
MO,Joplin,0.6,169679,35877,7854
MI,Kalamazoo,0.6,312118,65287,14110
MO,Kansas City,0.6,1170541,243051,52064
OH,Kettering,0.6,200569,42280,9222
TN,Kingsport,0.6,225511,48202,10685
TN,Knoxville,0.6,664835,140610,30789
WI,La Crosse,0.6,167754,35336,7701
IN,Lafayette,0.6,119721,24561,5184
LA,Lafayette,0.6,286535,59335,12668
LA,Lake Charles,0.6,126362,26171,5589
FL,Lakeland,0.6,190430,40349,8854
PA,Lancaster,0.6,317229,66687,14498
MI,Lansing,0.6,336982,69891,14951
NV,Las Vegas,0.6,1022996,212704,45639
OK,Lawton,0.6,91647,19033,4078
NH,Lebanon,0.6,192299,40971,9048
KY,Lexington,0.6,715705,149171,32101
NE,Lincoln,0.6,275403,57683,12486
AR,Little Rock,0.6,727489,152977,33270
TX,Longview,0.6,96790,20292,4398
CA,Los Angeles,0.6,4724497,969936,204888
KY,Louisville,0.6,831445,173465,37373
TX,Lubbock,0.6,327877,67539,14327
VA,Lynchburg,0.6,130406,27619,6058
GA,Macon,0.6,341213,71170,15329
WI,Madison,0.6,532159,110550,23695
NH,Manchester,0.6,428807,89658,19368
NY,Manhattan,0.6,2504062,517116,110035
MI,Marquette,0.6,95567,20404,4517
WI,Marshfield,0.6,177349,37730,8318
IA,Mason City,0.6,60196,12967,2900
TX,McAllen,0.6,291947,59690,12544
OR,Medford,0.6,210692,45479,10193
IL,Melrose Park,0.6,618906,128149,27357
TN,Memphis,0.6,819719,169786,36261
MS,Meridian,0.6,88836,18722,4083
AZ,Mesa,0.6,681371,141587,30357
LA,Metairie,0.6,219808,46108,9999
FL,Miami,0.6,1644889,342533,73633
WI,Milwaukee,0.6,1247523,258726,55342
MN,Minneapolis,0.6,1542213,320282,68623
ND,Minot,0.6,67460,13918,2958
MT,Missoula,0.6,189055,40156,8837
AL,Mobile,0.6,389374,81689,17718
CA,Modesto,0.6,408586,84446,17987
LA,Monroe,0.6,122872,25687,5548
AL,Montgomery,0.6,216518,45016,9658
WV,Morgantown,0.6,197573,41458,8994
NJ,Morristown,0.6,477085,99630,21490
IN,Muncie,0.6,77282,16260,3539
IN,Munster,0.6,143906,29920,6420
MI,Muskegon,0.6,125704,26486,5774
CA,Napa,0.6,131102,27966,6185
TN,Nashville,0.6,1369597,283650,60570
WI,Neenah,0.6,115118,24147,5236
NJ,New Brunswick,0.6,507235,105117,22464
CT,New Haven,0.6,706243,148099,32104
LA,New Orleans,0.6,332595,68439,14499
NJ,Newark,0.6,740123,151914,32082
VA,Newport News,0.6,268454,56101,12111
VA,Norfolk,0.6,614100,126608,26885
FL,Ocala,0.6,269875,61824,14753
TX,Odessa,0.6,170252,34809,7315
UT,Ogden,0.6,213600,43543,9116
OK,Oklahoma City,0.6,894891,185934,39860
WA,Olympia,0.6,192094,40546,8857
NE,Omaha,0.6,606597,126373,27180
CA,Orange County,0.6,1597535,329534,70022
FL,Orlando,0.6,1878561,397633,87152
FL,Ormond Beach,0.6,203328,44835,10286
KY,Owensboro,0.6,67223,14192,3101
MS,Oxford,0.6,70112,14574,3126
KY,Paducah,0.6,174136,37100,8193
CA,Palm Springs/Rancho Mira,0.6,183586,40257,9181
NJ,Paterson,0.6,186465,38853,8358
FL,Pensacola,0.6,382112,80040,17328
IL,Peoria,0.6,281442,59521,13033
MI,Petoskey,0.6,85576,18415,4113
PA,Philadelphia,0.6,1998826,415803,89270
AZ,Phoenix,0.6,1656654,345126,74227
PA,Pittsburgh,0.6,1394503,295848,65015
MI,Pontiac,0.6,226162,47017,10086
ME,Portland,0.6,525739,110977,24246
OR,Portland,0.6,1329353,276117,59171
RI,Providence,0.6,592021,123470,26590
UT,Provo,0.6,262185,52812,10889
CO,Pueblo,0.6,83130,17644,3880
NC,Raleigh,0.6,1002026,205893,43540
SD,Rapid City,0.6,104154,21920,4772
PA,Reading,0.6,280150,58916,12815
CA,Redding,0.6,165707,35166,7731
NV,Reno,0.6,363572,76361,16584
VA,Richmond,0.6,845446,175693,37673
NJ,Ridgewood,0.6,203239,42352,9112
VA,Roanoke,0.6,341845,72241,15803
MN,Rochester,0.6,192220,40599,8876
NY,Rochester,0.6,621899,130223,28180
IL,Rockford,0.6,331279,69671,15155
GA,Rome,0.6,133152,27904,6044
MI,Royal Oak,0.6,333719,70105,15229
CA,Sacramento,0.6,1245984,259710,55892
MI,Saginaw,0.6,293894,62921,13973
OR,Salem,0.6,153097,31990,6905
CA,Salinas,0.6,181948,37525,7972
MD,Salisbury,0.6,222908,48067,10761
UT,Salt Lake City,0.6,931612,191241,40393
TX,San Angelo,0.6,75650,15860,3437
TX,San Antonio,0.6,1315060,271302,57658
CA,San Bernardino,0.6,1444133,295303,62069
CA,San Diego,0.6,1803340,370968,78559
CA,San Francisco,0.6,763652,158568,33968
CA,San Jose,0.6,873964,179424,37901
CA,San Luis Obispo,0.6,128222,27039,5900
CA,San Mateo County,0.6,400124,83331,17915
CA,Santa Barbara,0.6,215897,44848,9612
CA,Santa Cruz,0.6,137648,28410,6041
CA,Santa Rosa,0.6,241731,50970,11121
FL,Sarasota,0.6,224976,51683,12367
GA,Savannah,0.6,421154,87980,18985
PA,Sayre,0.6,91853,19560,4317
PA,Scranton,0.6,152290,32552,7216
WA,Seattle,0.6,1452730,300026,63847
LA,Shreveport,0.6,318602,66763,14460
IA,Sioux City,0.6,117411,24677,5364
SD,Sioux Falls,0.6,362138,76191,16581
LA,Slidell,0.6,89695,18903,4122
IN,South Bend,0.6,323723,67668,14613
SC,Spartanburg,0.6,180595,37982,8262
WA,Spokane,0.6,726335,152345,33033
AR,Springdale,0.6,262543,54309,11580
IL,Springfield,0.6,382478,80996,17762
MA,Springfield,0.6,360184,75450,16335
MO,Springfield,0.6,413077,87993,19429
MN,St. Cloud,0.6,121853,25357,5446
MI,St. Joseph,0.6,66141,14053,3093
MO,St. Louis,0.6,1599898,334313,72164
MN,St. Paul,0.6,513922,106102,22569
FL,St. Petersburg,0.6,212935,45626,10142
CA,Stockton,0.6,278987,57406,12161
AZ,Sun City,0.6,142502,33035,7975
NY,Syracuse,0.6,499745,104407,22532
WA,Tacoma,0.6,385351,79453,16873
MD,Takoma Park,0.6,473783,97020,20429
FL,Tallahassee,0.6,401391,83033,17705
FL,Tampa,0.6,702158,145846,31255
TX,Temple,0.6,245810,50122,10497
IN,Terre Haute,0.6,84089,17605,3809
AR,Texarkana,0.6,118983,25096,5478
OH,Toledo,0.6,460603,96396,20847
KS,Topeka,0.6,211616,44116,9496
MI,Traverse City,0.6,113771,24605,5527
AZ,Tucson,0.6,582671,123935,27318
OK,Tulsa,0.6,642427,134227,28971
MS,Tupelo,0.6,185278,38690,8345
AL,Tuscaloosa,0.6,129116,26693,5688
TX,Tyler,0.6,262309,55467,12143
IL,Urbana,0.6,217058,45176,9705
CA,Ventura,0.6,401810,83445,17878
TX,Victoria,0.6,69031,14571,3183
TX,Waco,0.6,158633,33231,7195
DC,Washington,0.6,1307413,270005,57456
IA,Waterloo,0.6,100702,21203,4618
WI,Wausau,0.6,90407,19246,4246
NY,White Plains,0.6,538129,112418,24259
TX,Wichita Falls,0.6,92769,19438,4210
KS,Wichita,0.6,571029,119820,25993
PA,Wilkes-Barre,0.6,118881,25273,5567
DE,Wilmington,0.6,382272,79479,17052
NC,Wilmington,0.6,231053,49120,10821
VA,Winchester,0.6,210144,44164,9599
NC,Winston-Salem,0.6,539917,113830,24833
MA,Worcester,0.6,391432,81333,17437
WA,Yakima,0.6,132583,27511,5888
PA,York,0.6,206000,43345,9434
OH,Youngstown,0.6,296177,63351,14054
